fpr,tpr
0.0,0.0
0.00011816140848398913,0.0
0.00011816140848398913,0.0006506180871828237
0.0004726456339359565,0.0006506180871828237
0.0004726456339359565,0.0013012361743656475
0.0005908070424199456,0.0013012361743656475
0.0005908070424199456,0.001951854261548471
0.0012997754933238804,0.001951854261548471
0.0012997754933238804,0.002602472348731295
0.0023632281696797826,0.002602472348731295
0.0023632281696797826,0.003903708523096942
0.002835873803615739,0.003903708523096942
0.002835873803615739,0.004554326610279766
0.0033085194375516956,0.004554326610279766
0.0033085194375516956,0.00520494469746259
0.0034266808460356847,0.00520494469746259
0.0034266808460356847,0.0071567989590110605
0.004844617747843554,0.0071567989590110605
0.004844617747843554,0.008458035133376708
0.0050809405648115325,0.008458035133376708
0.0050809405648115325,0.009108653220559532
0.005199101973295522,0.009108653220559532
0.005199101973295522,0.009759271307742356
0.0059080704241994565,0.009759271307742356
0.0059080704241994565,0.01040988939492518
0.00673520028358738,0.01040988939492518
0.00673520028358738,0.011711125569290826
0.007326007326007326,0.011711125569290826
0.007326007326007326,0.01236174365647365
0.007444168734491315,0.01236174365647365
0.007444168734491315,0.013012361743656473
0.007680491551459293,0.013012361743656473
0.007680491551459293,0.013662979830839297
0.00815313718539525,0.013662979830839297
0.00815313718539525,0.014313597918022121
0.008625782819331207,0.014313597918022121
0.008625782819331207,0.015614834092387769
0.008862105636299186,0.015614834092387769
0.008862105636299186,0.01626545217957059
0.009098428453267164,0.01626545217957059
0.009098428453267164,0.016916070266753416
0.009216589861751152,0.016916070266753416
0.009216589861751152,0.018867924528301886
0.009334751270235142,0.018867924528301886
0.009334751270235142,0.020169160702667534
0.010280042538107055,0.020169160702667534
0.010280042538107055,0.02081977878985036
0.010634526763559022,0.02081977878985036
0.010634526763559022,0.022121014964216004
0.010752688172043012,0.022121014964216004
0.010752688172043012,0.02342225113858165
0.010870849580527,0.02342225113858165
0.010870849580527,0.0247234873129473
0.01098901098901099,0.0247234873129473
0.01098901098901099,0.025374105400130124
0.011461656622946946,0.025374105400130124
0.011461656622946946,0.02797657774886142
0.011579818031430935,0.02797657774886142
0.011579818031430935,0.028627195836044242
0.011816140848398913,0.028627195836044242
0.011816140848398913,0.029277813923227064
0.012170625073850881,0.029277813923227064
0.012170625073850881,0.02992843201040989
0.012643270707786838,0.02992843201040989
0.012643270707786838,0.03057905009759271
0.013234077750206782,0.03057905009759271
0.013234077750206782,0.03188028627195836
0.013352239158690772,0.03188028627195836
0.013352239158690772,0.03318152244632401
0.01347040056717476,0.03318152244632401
0.01347040056717476,0.03383214053350683
0.01488833746898263,0.03383214053350683
0.01488833746898263,0.034482758620689655
0.015951790145338533,0.034482758620689655
0.015951790145338533,0.03513337670787248
0.016542597187758478,0.03513337670787248
0.016542597187758478,0.035783994795055306
0.016660758596242466,0.035783994795055306
0.016660758596242466,0.03643461288223813
0.017369727047146403,0.03643461288223813
0.017369727047146403,0.03708523096942095
0.017960534089566348,0.03708523096942095
0.017960534089566348,0.038386467143786594
0.018078695498050336,0.038386467143786594
0.018078695498050336,0.03903708523096942
0.018551341131986292,0.03903708523096942
0.018551341131986292,0.039687703318152245
0.018669502540470284,0.039687703318152245
0.018669502540470284,0.04033832140533507
0.01890582535743826,0.04033832140533507
0.01890582535743826,0.04163955757970072
0.01914214817440624,0.04163955757970072
0.01914214817440624,0.043591411841249185
0.019496632399858205,0.043591411841249185
0.019496632399858205,0.04554326610279766
0.019614793808342197,0.04554326610279766
0.019614793808342197,0.0468445022771633
0.02044192366773012,0.0468445022771633
0.02044192366773012,0.04749512036434613
0.0206782464846981,0.04749512036434613
0.0206782464846981,0.048796356538711776
0.02138721493560203,0.048796356538711776
0.02138721493560203,0.0494469746258946
0.021859860569537988,0.0494469746258946
0.021859860569537988,0.05074821080026025
0.02197802197802198,0.05074821080026025
0.02197802197802198,0.05139882888744307
0.022332506203473945,0.05139882888744307
0.022332506203473945,0.05204944697462589
0.022450667611957936,0.05204944697462589
0.022450667611957936,0.052700065061808715
0.022923313245893893,0.052700065061808715
0.022923313245893893,0.053350683148991544
0.02304147465437788,0.053350683148991544
0.02304147465437788,0.054001301236174366
0.02339595887982985,0.054001301236174366
0.02339595887982985,0.05465191932335719
0.023632281696797826,0.05465191932335719
0.023632281696797826,0.05530253741054001
0.024341250147701762,0.05530253741054001
0.024341250147701762,0.05595315549772284
0.02457757296466974,0.05595315549772284
0.02457757296466974,0.05660377358490566
0.024695734373153727,0.05660377358490566
0.024695734373153727,0.0605074821080026
0.025050218598605695,0.0605074821080026
0.025050218598605695,0.06180871828236825
0.025168380007089684,0.06180871828236825
0.025168380007089684,0.062459336369551074
0.025404702824057664,0.062459336369551074
0.025404702824057664,0.06441119063109954
0.02587734845799362,0.06441119063109954
0.02587734845799362,0.06571242680546518
0.02694080113434952,0.06571242680546518
0.02694080113434952,0.06701366297983084
0.02705896254283351,0.06701366297983084
0.02705896254283351,0.06766428106701367
0.027413446768285478,0.06766428106701367
0.027413446768285478,0.06831489915419649
0.027767930993737446,0.06831489915419649
0.027767930993737446,0.06896551724137931
0.028831383670093347,0.06896551724137931
0.028831383670093347,0.07026675341574495
0.029185867895545316,0.07026675341574495
0.029185867895545316,0.07091737150292778
0.02989483634644925,0.07091737150292778
0.02989483634644925,0.07156798959011061
0.03013115916341723,0.07156798959011061
0.03013115916341723,0.07286922576447626
0.030603804797353185,0.07286922576447626
0.030603804797353185,0.07351984385165908
0.030721966205837174,0.07351984385165908
0.030721966205837174,0.0741704619388419
0.030958289022805154,0.0741704619388419
0.030958289022805154,0.07482108002602472
0.03131277324825712,0.07482108002602472
0.03131277324825712,0.07547169811320754
0.031549096065225095,0.07547169811320754
0.031549096065225095,0.07612231620039037
0.03178541888219308,0.07612231620039037
0.03178541888219308,0.07677293428757319
0.032021741699161055,0.07677293428757319
0.032021741699161055,0.07742355237475602
0.03249438733309701,0.07742355237475602
0.03249438733309701,0.07807417046193885
0.03273071015006499,0.07807417046193885
0.03273071015006499,0.07937540663630449
0.03284887155854898,0.07937540663630449
0.03284887155854898,0.08132726089785296
0.03296703296703297,0.08132726089785296
0.03296703296703297,0.08197787898503578
0.033085194375516956,0.08197787898503578
0.033085194375516956,0.0826284970722186
0.03343967860096892,0.0826284970722186
0.03343967860096892,0.08327911515940144
0.03414864705187286,0.08327911515940144
0.03414864705187286,0.08392973324658426
0.034266808460356846,0.08392973324658426
0.034266808460356846,0.08458035133376708
0.03462129268580882,0.08458035133376708
0.03462129268580882,0.0852309694209499
0.03509393831974477,0.0852309694209499
0.03509393831974477,0.08588158750813273
0.03580290677064871,0.08588158750813273
0.03580290677064871,0.08718282368249837
0.03769348930639253,0.08718282368249837
0.03769348930639253,0.08848405985686401
0.03781165071487652,0.08848405985686401
0.03781165071487652,0.08913467794404685
0.038756941982748434,0.08913467794404685
0.038756941982748434,0.09238776837996096
0.039820394659104336,0.09238776837996096
0.039820394659104336,0.09433962264150944
0.039938556067588324,0.09433962264150944
0.039938556067588324,0.09499024072869226
0.04005671747607231,0.09499024072869226
0.04005671747607231,0.09629147690305791
0.040411201701524284,0.09629147690305791
0.040411201701524284,0.09694209499024073
0.04076568592697625,0.09694209499024073
0.04076568592697625,0.09824333116460637
0.041002008743944225,0.09824333116460637
0.041002008743944225,0.0988939492517892
0.04123833156091221,0.0988939492517892
0.04123833156091221,0.09954456733897202
0.0413564929693962,0.09954456733897202
0.0413564929693962,0.10019518542615485
0.0424199456457521,0.10019518542615485
0.0424199456457521,0.1014964216005205
0.042656268462720075,0.1014964216005205
0.042656268462720075,0.10214703968770332
0.04277442987120406,0.10214703968770332
0.04277442987120406,0.10279765777488614
0.04360155973059199,0.10279765777488614
0.04360155973059199,0.10344827586206896
0.044192366773011936,0.10344827586206896
0.044192366773011936,0.10474951203643461
0.04490133522391587,0.10474951203643461
0.04490133522391587,0.10540013012361743
0.04525581944936784,0.10540013012361743
0.04525581944936784,0.10605074821080027
0.045373980857851826,0.10605074821080027
0.045373980857851826,0.10670136629798309
0.045846626491787786,0.10670136629798309
0.045846626491787786,0.10735198438516591
0.04631927212572374,0.10735198438516591
0.04631927212572374,0.10800260247234873
0.0466737563511757,0.10800260247234873
0.0466737563511757,0.10930383864671438
0.04726456339359565,0.10930383864671438
0.04726456339359565,0.1099544567338972
0.04773720902753161,0.1099544567338972
0.04773720902753161,0.11060507482108002
0.048209854661467565,0.11060507482108002
0.048209854661467565,0.11125569290826284
0.04832801606995155,0.11125569290826284
0.04832801606995155,0.11190631099544568
0.0489188231123715,0.11190631099544568
0.0489188231123715,0.1125569290826285
0.05010043719721139,0.1125569290826285
0.05010043719721139,0.11320754716981132
0.05021859860569538,0.11320754716981132
0.05021859860569538,0.11385816525699415
0.05187285832447123,0.11385816525699415
0.05187285832447123,0.11515940143135979
0.052109181141439205,0.11515940143135979
0.052109181141439205,0.11581001951854261
0.05222734254992319,0.11581001951854261
0.05222734254992319,0.11646063760572543
0.052581826775375165,0.11646063760572543
0.052581826775375165,0.11711125569290826
0.05269998818385915,0.11711125569290826
0.05269998818385915,0.11776187378009109
0.05399976367718303,0.11776187378009109
0.05399976367718303,0.11841249186727391
0.05411792508566702,0.11841249186727391
0.05411792508566702,0.11906310995445674
0.054354247902635,0.11906310995445674
0.054354247902635,0.11971372804163956
0.05518137776202292,0.11971372804163956
0.05518137776202292,0.12036434612882238
0.055299539170506916,0.12036434612882238
0.055299539170506916,0.1210149642160052
0.05553586198747489,0.1210149642160052
0.05553586198747489,0.12166558230318802
0.05565402339595888,0.12166558230318802
0.05565402339595888,0.12231620039037085
0.056126669029894834,0.12231620039037085
0.056126669029894834,0.1236174365647365
0.056481153255346805,0.1236174365647365
0.056481153255346805,0.12491867273910215
0.05671747607231478,0.12491867273910215
0.05671747607231478,0.12556929082628496
0.05695379888928276,0.12556929082628496
0.05695379888928276,0.1262199089134678
0.05742644452321872,0.1262199089134678
0.05742644452321872,0.12687052700065063
0.05789909015715467,0.12687052700065063
0.05789909015715467,0.12752114508783344
0.05801725156563866,0.12752114508783344
0.05801725156563866,0.12817176317501627
0.05860805860805861,0.12817176317501627
0.05860805860805861,0.12882238126219908
0.059198865650478556,0.12882238126219908
0.059198865650478556,0.13012361743656473
0.05967151128441451,0.13012361743656473
0.05967151128441451,0.13077423552374756
0.059907834101382486,0.13077423552374756
0.059907834101382486,0.13142485361093037
0.060380479735318446,0.13142485361093037
0.060380479735318446,0.1320754716981132
0.06144393241167435,0.1320754716981132
0.06144393241167435,0.13272608978529604
0.061562093820158335,0.13272608978529604
0.061562093820158335,0.13337670787247885
0.06191657804561031,0.13337670787247885
0.06191657804561031,0.1340273259596617
0.062034739454094295,0.1340273259596617
0.062034739454094295,0.1346779440468445
0.06238922367954626,0.1346779440468445
0.06238922367954626,0.13532856213402733
0.06321635353893418,0.13532856213402733
0.06321635353893418,0.13662979830839297
0.06345267635590217,0.13662979830839297
0.06345267635590217,0.1372804163955758
0.06439796762377407,0.1372804163955758
0.06439796762377407,0.13793103448275862
0.06664303438496987,0.13793103448275862
0.06664303438496987,0.13923227065712426
0.06711568001890583,0.13923227065712426
0.06711568001890583,0.1398828887443071
0.06770648706132577,0.1398828887443071
0.06770648706132577,0.1424853610930384
0.06794280987829375,0.1424853610930384
0.06794280987829375,0.14313597918022122
0.06865177832919768,0.14313597918022122
0.06865177832919768,0.14443721535458687
0.06924258537161763,0.14443721535458687
0.06924258537161763,0.1457384515289525
0.07006971523100555,0.1457384515289525
0.07006971523100555,0.14638906961613532
0.07077868368190948,0.14638906961613532
0.07077868368190948,0.14703968770331816
0.07101500649887747,0.14703968770331816
0.07101500649887747,0.1483409238776838
0.07125132931584545,0.1483409238776838
0.07125132931584545,0.1509433962264151
0.07243294340068533,0.1509433962264151
0.07243294340068533,0.15159401431359792
0.07337823466855725,0.15159401431359792
0.07337823466855725,0.15224463240078073
0.07455984875339713,0.15224463240078073
0.07455984875339713,0.15289525048796357
0.07467801016188114,0.15289525048796357
0.07467801016188114,0.1541964866623292
0.07562330142975304,0.1541964866623292
0.07562330142975304,0.15484710474951205
0.07621410847217298,0.15484710474951205
0.07621410847217298,0.1567989590110605
0.07668675410610895,0.1567989590110605
0.07668675410610895,0.15744957709824334
0.07786836819094883,0.15744957709824334
0.07786836819094883,0.15810019518542615
0.0794044665012407,0.15810019518542615
0.0794044665012407,0.1594014313597918
0.08011343495214462,0.1594014313597918
0.08011343495214462,0.16005204944697463
0.08034975776911261,0.16005204944697463
0.08034975776911261,0.16070266753415746
0.08070424199456458,0.16070266753415746
0.08070424199456458,0.16135328562134027
0.08141321044546851,0.16135328562134027
0.08141321044546851,0.1620039037085231
0.08176769467092047,0.1620039037085231
0.08176769467092047,0.16330513988288875
0.08212217889637244,0.16330513988288875
0.08212217889637244,0.1652569941444372
0.08224034030485644,0.1652569941444372
0.08224034030485644,0.16590761223162004
0.08235850171334043,0.16590761223162004
0.08235850171334043,0.16655823031880287
0.08247666312182442,0.16655823031880287
0.08247666312182442,0.16785946649316852
0.08294930875576037,0.16785946649316852
0.08294930875576037,0.16851008458035133
0.08306747016424436,0.16851008458035133
0.08306747016424436,0.16981132075471697
0.0836582772066643,0.16981132075471697
0.0836582772066643,0.1704619388418998
0.08436724565756824,0.1704619388418998
0.08436724565756824,0.17111255692908262
0.08460356847453622,0.17111255692908262
0.08460356847453622,0.17176317501626545
0.08531253692544015,0.17176317501626545
0.08531253692544015,0.1730644111906311
0.08590334396786009,0.1730644111906311
0.08590334396786009,0.17371502927781393
0.08613966678482808,0.17371502927781393
0.08613966678482808,0.17436564736499674
0.08673047382724802,0.17436564736499674
0.08673047382724802,0.17501626545217958
0.08803024932057191,0.17501626545217958
0.08803024932057191,0.17566688353936238
0.0881484107290559,0.17566688353936238
0.0881484107290559,0.17631750162654522
0.08826657213753988,0.17631750162654522
0.08826657213753988,0.17696811971372803
0.0890937019969278,0.17696811971372803
0.0890937019969278,0.17761873780091086
0.08968450903934774,0.17761873780091086
0.08968450903934774,0.1789199739752765
0.09015715467328371,0.1789199739752765
0.09015715467328371,0.18022121014964215
0.09169325298357557,0.18022121014964215
0.09169325298357557,0.180871828236825
0.09181141439205956,0.180871828236825
0.09181141439205956,0.1815224463240078
0.09192957580054355,0.1815224463240078
0.09192957580054355,0.18217306441119063
0.09204773720902754,0.18217306441119063
0.09204773720902754,0.18282368249837344
0.09228406002599551,0.18282368249837344
0.09228406002599551,0.18347430058555628
0.09275670565993147,0.18347430058555628
0.09275670565993147,0.1841249186727391
0.09370199692780339,0.1841249186727391
0.09370199692780339,0.18477553675992192
0.09488361101264327,0.18477553675992192
0.09488361101264327,0.18542615484710476
0.09535625664657922,0.18542615484710476
0.09535625664657922,0.18607677293428757
0.09641970932293513,0.18607677293428757
0.09641970932293513,0.1867273910214704
0.097837646224743,0.1867273910214704
0.097837646224743,0.1873780091086532
0.09807396904171098,0.1873780091086532
0.09807396904171098,0.18802862719583605
0.09819213045019497,0.18802862719583605
0.09819213045019497,0.18867924528301888
0.09831029185867896,0.18867924528301888
0.09831029185867896,0.1893298633702017
0.09842845326716294,0.1893298633702017
0.09842845326716294,0.18998048145738453
0.09854661467564693,0.18998048145738453
0.09854661467564693,0.19063109954456733
0.09972822876048683,0.19063109954456733
0.09972822876048683,0.19193233571893298
0.1010280042538107,0.19193233571893298
0.1010280042538107,0.19258295380611581
0.10173697270471464,0.19258295380611581
0.10173697270471464,0.1945348080676643
0.10209145693016661,0.1945348080676643
0.10209145693016661,0.1951854261548471
0.10232777974713458,0.1951854261548471
0.10232777974713458,0.19583604424202994
0.10244594115561857,0.19583604424202994
0.10244594115561857,0.19648666232921275
0.10339123242349049,0.19648666232921275
0.10339123242349049,0.1977878985035784
0.10350939383197448,0.1977878985035784
0.10350939383197448,0.19843851659076123
0.10398203946591043,0.19843851659076123
0.10398203946591043,0.19908913467794404
0.10421836228287841,0.19908913467794404
0.10421836228287841,0.19973975276512687
0.10480916932529835,0.19973975276512687
0.10480916932529835,0.20104098893949252
0.1055181377762023,0.20104098893949252
0.1055181377762023,0.20169160702667535
0.10563629918468628,0.20169160702667535
0.10563629918468628,0.202992843201041
0.10575446059317027,0.202992843201041
0.10575446059317027,0.2036434612882238
0.10669975186104218,0.2036434612882238
0.10669975186104218,0.20429407937540664
0.10693607467801017,0.20429407937540664
0.10693607467801017,0.20494469746258945
0.10811768876285005,0.20494469746258945
0.10811768876285005,0.20559531554977228
0.108590334396786,0.20559531554977228
0.108590334396786,0.20689655172413793
0.10894481862223798,0.20689655172413793
0.10894481862223798,0.20754716981132076
0.10965378707314191,0.20754716981132076
0.10965378707314191,0.20819778789850357
0.1097719484816259,0.20819778789850357
0.1097719484816259,0.21014964216005205
0.11012643270707786,0.21014964216005205
0.11012643270707786,0.21275211450878334
0.11024459411556185,0.21275211450878334
0.11024459411556185,0.21340273259596618
0.11071723974949782,0.21340273259596618
0.11071723974949782,0.21405335068314899
0.11154436960888574,0.21405335068314899
0.11154436960888574,0.21470396877033182
0.11237149946827366,0.21470396877033182
0.11237149946827366,0.21535458685751463
0.11260782228524165,0.21535458685751463
0.11260782228524165,0.21600520494469747
0.11284414510220962,0.21600520494469747
0.11284414510220962,0.2173064411190631
0.1130804679191776,0.2173064411190631
0.1130804679191776,0.21795705920624595
0.11319862932766159,0.21795705920624595
0.11319862932766159,0.21860767729342875
0.11390759777856552,0.21860767729342875
0.11390759777856552,0.2192582953806116
0.11449840482098547,0.2192582953806116
0.11449840482098547,0.2199089134677944
0.11650714876521329,0.2199089134677944
0.11650714876521329,0.22055953155497723
0.11709795580763323,0.22055953155497723
0.11709795580763323,0.22121014964216004
0.1173342786246012,0.22121014964216004
0.1173342786246012,0.22186076772934288
0.11757060144156918,0.22186076772934288
0.11757060144156918,0.22316200390370852
0.11922486116034503,0.22316200390370852
0.11922486116034503,0.22381262199089136
0.11934302256882902,0.22381262199089136
0.11934302256882902,0.22446324007807417
0.119461183977313,0.22446324007807417
0.119461183977313,0.2257644762524398
0.11981566820276497,0.2257644762524398
0.11981566820276497,0.22641509433962265
0.12229705778092875,0.22641509433962265
0.12229705778092875,0.22706571242680545
0.12253338059789673,0.22706571242680545
0.12253338059789673,0.2277163305139883
0.12324234904880066,0.2277163305139883
0.12324234904880066,0.2283669486011711
0.12383315609122061,0.2283669486011711
0.12383315609122061,0.22901756668835394
0.12536925440151248,0.22901756668835394
0.12536925440151248,0.22966818477553677
0.12560557721848045,0.22966818477553677
0.12560557721848045,0.23096942094990242
0.12572373862696443,0.23096942094990242
0.12572373862696443,0.23162003903708522
0.12749615975422426,0.23162003903708522
0.12749615975422426,0.23227065712426806
0.12808696679664422,0.23227065712426806
0.12808696679664422,0.23292127521145087
0.1283232896136122,0.23292127521145087
0.1283232896136122,0.2335718932986337
0.12844145102209617,0.2335718932986337
0.12844145102209617,0.2342225113858165
0.12855961243058017,0.2342225113858165
0.12855961243058017,0.23487312947299935
0.12867777383906417,0.23487312947299935
0.12867777383906417,0.23552374756018218
0.12891409665603215,0.23552374756018218
0.12891409665603215,0.236174365647365
0.12903225806451613,0.236174365647365
0.12903225806451613,0.23682498373454783
0.1292685808814841,0.23682498373454783
0.1292685808814841,0.23747560182173064
0.12985938792390406,0.23747560182173064
0.12985938792390406,0.23877683799609628
0.12997754933238803,0.23877683799609628
0.12997754933238803,0.23942745608327912
0.13080467919177596,0.23942745608327912
0.13080467919177596,0.24072869225764476
0.13092284060025997,0.24072869225764476
0.13092284060025997,0.2413793103448276
0.13104100200874394,0.2413793103448276
0.13104100200874394,0.2420299284320104
0.13210445468509985,0.2420299284320104
0.13210445468509985,0.24268054651919324
0.13304974595297175,0.24268054651919324
0.13304974595297175,0.24398178269355889
0.13316790736145576,0.24398178269355889
0.13316790736145576,0.2446324007807417
0.13411319862932766,0.2446324007807417
0.13411319862932766,0.24528301886792453
0.13446768285477964,0.24528301886792453
0.13446768285477964,0.24593363695510737
0.1348221670802316,0.24593363695510737
0.1348221670802316,0.24658425504229017
0.1349403284887156,0.24658425504229017
0.1349403284887156,0.247234873129473
0.13505848989719957,0.247234873129473
0.13505848989719957,0.24788549121665582
0.13517665130568357,0.24788549121665582
0.13517665130568357,0.24853610930383865
0.13541297412265155,0.24853610930383865
0.13541297412265155,0.24918672739102146
0.13753987947536334,0.24918672739102146
0.13753987947536334,0.2498373454782043
0.13801252510929932,0.2498373454782043
0.13801252510929932,0.2504879635653871
0.13860333215171924,0.2504879635653871
0.13860333215171924,0.2524398178269356
0.13895781637717122,0.2524398178269356
0.13895781637717122,0.2530904359141184
0.13931230060262317,0.2530904359141184
0.13931230060262317,0.25374105400130126
0.13990310764504313,0.25374105400130126
0.13990310764504313,0.25439167208848407
0.14037575327897908,0.25439167208848407
0.14037575327897908,0.2550422901756669
0.14049391468746308,0.2550422901756669
0.14049391468746308,0.2556929082628497
0.14309346567411083,0.2556929082628497
0.14309346567411083,0.25634352635003255
0.1434479498995628,0.25634352635003255
0.1434479498995628,0.25699414443721535
0.14356611130804678,0.25699414443721535
0.14356611130804678,0.258295380611581
0.14392059553349876,0.258295380611581
0.14392059553349876,0.25894599869876384
0.14415691835046673,0.25894599869876384
0.14415691835046673,0.25959661678594664
0.1443932411674347,0.25959661678594664
0.1443932411674347,0.26024723487312945
0.14522037102682264,0.26024723487312945
0.14522037102682264,0.2608978529603123
0.1458111780692426,0.2608978529603123
0.1458111780692426,0.2615484710474951
0.14640198511166252,0.2615484710474951
0.14640198511166252,0.26219908913467793
0.1466383079286305,0.26219908913467793
0.1466383079286305,0.2635003253090436
0.14687463074559848,0.2635003253090436
0.14687463074559848,0.2641509433962264
0.14722911497105046,0.2641509433962264
0.14722911497105046,0.2654521795705921
0.1480562448304384,0.2654521795705921
0.1480562448304384,0.2661027976577749
0.14841072905589034,0.2661027976577749
0.14841072905589034,0.2667534157449577
0.14852889046437434,0.2667534157449577
0.14852889046437434,0.2687052700065062
0.1490015360983103,0.2687052700065062
0.1490015360983103,0.269355888093689
0.14911969750679427,0.269355888093689
0.14911969750679427,0.27000650618087185
0.14959234314073025,0.27000650618087185
0.14959234314073025,0.27065712426805466
0.14982866595769823,0.27065712426805466
0.14982866595769823,0.2719583604424203
0.15030131159163418,0.2719583604424203
0.15030131159163418,0.27260897852960314
0.15041947300011815,0.27260897852960314
0.15041947300011815,0.27325959661678595
0.1508921186340541,0.27325959661678595
0.1508921186340541,0.27521145087833443
0.15112844145102208,0.27521145087833443
0.15112844145102208,0.27586206896551724
0.15124660285950609,0.27586206896551724
0.15124660285950609,0.27651268705270005
0.15148292567647406,0.27651268705270005
0.15148292567647406,0.2771633051398829
0.152310055535862,0.2771633051398829
0.152310055535862,0.2778139232270657
0.15290086257828192,0.2778139232270657
0.15290086257828192,0.27911515940143133
0.15313718539524993,0.27911515940143133
0.15313718539524993,0.280416395575797
0.1532553468037339,0.280416395575797
0.1532553468037339,0.2823682498373455
0.15349166962070188,0.2823682498373455
0.15349166962070188,0.2830188679245283
0.15455512229705778,0.2830188679245283
0.15455512229705778,0.2836694860117111
0.15490960652250974,0.2836694860117111
0.15490960652250974,0.28432010409889397
0.15502776793099374,0.28432010409889397
0.15502776793099374,0.2849707221860768
0.15609122060734965,0.2849707221860768
0.15609122060734965,0.28627195836044245
0.1564457048328016,0.28627195836044245
0.1564457048328016,0.28692257644762525
0.15703651187522155,0.28692257644762525
0.15703651187522155,0.28757319453480806
0.1576273189176415,0.28757319453480806
0.1576273189176415,0.28822381262199087
0.1584544487770294,0.28822381262199087
0.1584544487770294,0.28887443070917374
0.1586907715939974,0.28887443070917374
0.1586907715939974,0.28952504879635654
0.15916341722793337,0.28952504879635654
0.15916341722793337,0.29082628497072216
0.15951790145338532,0.29082628497072216
0.15951790145338532,0.291476903057905
0.15963606286186932,0.291476903057905
0.15963606286186932,0.29212752114508783
0.16046319272125723,0.29212752114508783
0.16046319272125723,0.29277813923227064
0.16069951553822523,0.29277813923227064
0.16069951553822523,0.2934287573194535
0.16129032258064516,0.2934287573194535
0.16129032258064516,0.2940793754066363
0.1621174524400331,0.2940793754066363
0.1621174524400331,0.2947299934938191
0.16223561384851706,0.2947299934938191
0.16223561384851706,0.29538061158100193
0.16235377525700107,0.29538061158100193
0.16235377525700107,0.2960312296681848
0.16270825948245304,0.2960312296681848
0.16270825948245304,0.2966818477553676
0.16282642089093702,0.2966818477553676
0.16282642089093702,0.2973324658425504
0.163062743707905,0.2973324658425504
0.163062743707905,0.2986337020169161
0.16436251920122888,0.2986337020169161
0.16436251920122888,0.2992843201040989
0.16448068060971288,0.2992843201040989
0.16448068060971288,0.2999349381912817
0.16483516483516483,0.2999349381912817
0.16483516483516483,0.30123617436564737
0.16495332624364883,0.30123617436564737
0.16495332624364883,0.3018867924528302
0.16530781046910079,0.3018867924528302
0.16530781046910079,0.302537410540013
0.16613494032848872,0.302537410540013
0.16613494032848872,0.30318802862719585
0.16672574737090867,0.30318802862719585
0.16672574737090867,0.30383864671437866
0.16814368427271653,0.30383864671437866
0.16814368427271653,0.30448926480156147
0.1684981684981685,0.30448926480156147
0.1684981684981685,0.30579050097592714
0.16932529835755641,0.30579050097592714
0.16932529835755641,0.30644111906310995
0.17015242821694435,0.30644111906310995
0.17015242821694435,0.3077423552374756
0.17216117216117216,0.3077423552374756
0.17216117216117216,0.3083929733246584
0.17239749497814014,0.3083929733246584
0.17239749497814014,0.30904359141184123
0.1726338177951081,0.30904359141184123
0.1726338177951081,0.3096942094990241
0.17346094765449604,0.3096942094990241
0.17346094765449604,0.3103448275862069
0.173933593288432,0.3103448275862069
0.173933593288432,0.3122966818477554
0.17452440033085195,0.3122966818477554
0.17452440033085195,0.313597918022121
0.1759423372326598,0.313597918022121
0.1759423372326598,0.3142485361093038
0.17606049864114381,0.3142485361093038
0.17606049864114381,0.3148991541964867
0.1761786600496278,0.3148991541964867
0.1761786600496278,0.3155497722836695
0.17688762850053172,0.3155497722836695
0.17688762850053172,0.31750162654521796
0.17747843554295167,0.31750162654521796
0.17747843554295167,0.31815224463240077
0.17783291976840365,0.31815224463240077
0.17783291976840365,0.3188028627195836
0.17854188821930758,0.3188028627195836
0.17854188821930758,0.31945348080676644
0.17866004962779156,0.31945348080676644
0.17866004962779156,0.32010409889394925
0.18019614793808342,0.32010409889394925
0.18019614793808342,0.3214053350683149
0.18031430934656742,0.3214053350683149
0.18031430934656742,0.32270657124268054
0.1805506321635354,0.32270657124268054
0.1805506321635354,0.32335718932986335
0.18078695498050337,0.32335718932986335
0.18078695498050337,0.3240078074170462
0.18185040765685928,0.3240078074170462
0.18185040765685928,0.324658425504229
0.18397731300957107,0.324658425504229
0.18397731300957107,0.32530904359141183
0.18433179723502305,0.32530904359141183
0.18433179723502305,0.3259596616785947
0.18456812005199102,0.3259596616785947
0.18456812005199102,0.3266102797657775
0.18598605695379888,0.3266102797657775
0.18598605695379888,0.3272608978529603
0.1871676710386388,0.3272608978529603
0.1871676710386388,0.3279115159401431
0.18764031667257475,0.3279115159401431
0.18764031667257475,0.328562134027326
0.18775847808105872,0.328562134027326
0.18775847808105872,0.3292127521145088
0.18823112371499467,0.3292127521145088
0.18823112371499467,0.3298633702016916
0.1889400921658986,0.3298633702016916
0.1889400921658986,0.33116460637605727
0.1891764149828666,0.33116460637605727
0.1891764149828666,0.3318152244632401
0.19083067470164244,0.3318152244632401
0.19083067470164244,0.3324658425504229
0.19213045019496633,0.3324658425504229
0.19213045019496633,0.33376707872478856
0.1923667730119343,0.33376707872478856
0.1923667730119343,0.33441769681197137
0.19283941864587026,0.33441769681197137
0.19283941864587026,0.33571893298633704
0.19390287132222617,0.33571893298633704
0.19390287132222617,0.33636955107351985
0.19532080822403403,0.33636955107351985
0.19532080822403403,0.33702016916070265
0.1965024223088739,0.33702016916070265
0.1965024223088739,0.3376707872478855
0.1966205837173579,0.3376707872478855
0.1966205837173579,0.3383214053350683
0.19721139075977787,0.3383214053350683
0.19721139075977787,0.33897202342225113
0.1978021978021978,0.33897202342225113
0.1978021978021978,0.33962264150943394
0.19803852061916577,0.33962264150943394
0.19803852061916577,0.3402732595966168
0.19862932766158573,0.3402732595966168
0.19862932766158573,0.3409238776837996
0.19957461892945763,0.3409238776837996
0.19957461892945763,0.34222511385816523
0.19969278033794163,0.34222511385816523
0.19969278033794163,0.3428757319453481
0.20051991019732957,0.3428757319453481
0.20051991019732957,0.3435263500325309
0.20146520146520147,0.3435263500325309
0.20146520146520147,0.3441769681197137
0.20170152428216945,0.3441769681197137
0.20170152428216945,0.3448275862068966
0.20288313836700933,0.3448275862068966
0.20288313836700933,0.3454782042940794
0.20335578400094528,0.3454782042940794
0.20335578400094528,0.346779440468445
0.20394659104336524,0.346779440468445
0.20394659104336524,0.34743005855562786
0.20489188231123714,0.34743005855562786
0.20489188231123714,0.34808067664281067
0.20501004371972115,0.34808067664281067
0.20501004371972115,0.3487312947299935
0.20512820512820512,0.3487312947299935
0.20512820512820512,0.34938191281717634
0.20524636653668912,0.34938191281717634
0.20524636653668912,0.35133376707872477
0.20560085076214107,0.35133376707872477
0.20560085076214107,0.35198438516590763
0.20607349639607705,0.35198438516590763
0.20607349639607705,0.35263500325309044
0.20630981921304503,0.35263500325309044
0.20630981921304503,0.35328562134027325
0.20713694907243294,0.35328562134027325
0.20713694907243294,0.3545868575146389
0.20749143329788491,0.3545868575146389
0.20749143329788491,0.35523747560182173
0.20820040174878884,0.35523747560182173
0.20820040174878884,0.35588809368900454
0.20843672456575682,0.35588809368900454
0.20843672456575682,0.3565387117761874
0.2096183386505967,0.3565387117761874
0.2096183386505967,0.3571893298633702
0.2098546614675647,0.3571893298633702
0.2098546614675647,0.3591411841249187
0.21056362991846864,0.3591411841249187
0.21056362991846864,0.3597918022121015
0.21162708259482452,0.3597918022121015
0.21162708259482452,0.3604424202992843
0.2119815668202765,0.3604424202992843
0.2119815668202765,0.36109303838646717
0.21328134231360038,0.36109303838646717
0.21328134231360038,0.36174365647365
0.21375398794753633,0.36174365647365
0.21375398794753633,0.3623942745608328
0.2139903107645043,0.3623942745608328
0.2139903107645043,0.3630448926480156
0.2141084721729883,0.3630448926480156
0.2141084721729883,0.36434612882238127
0.2142266335814723,0.36434612882238127
0.2142266335814723,0.3649967469095641
0.21446295639844026,0.3649967469095641
0.21446295639844026,0.3656473649967469
0.21469927921540824,0.3656473649967469
0.21469927921540824,0.36629798308392975
0.21481744062389224,0.36629798308392975
0.21481744062389224,0.36694860117111255
0.21505376344086022,0.36694860117111255
0.21505376344086022,0.3682498373454782
0.21540824766631217,0.3682498373454782
0.21540824766631217,0.3708523096942095
0.21588089330024815,0.3708523096942095
0.21588089330024815,0.3715029277813923
0.2162353775257001,0.3715029277813923
0.2162353775257001,0.37215354586857513
0.21658986175115208,0.37215354586857513
0.21658986175115208,0.372804163955758
0.21670802315963605,0.372804163955758
0.21670802315963605,0.3734547820429408
0.217180668793572,0.3734547820429408
0.217180668793572,0.3741054001301236
0.217298830202056,0.3741054001301236
0.217298830202056,0.3747560182173064
0.21788963724447596,0.3747560182173064
0.21788963724447596,0.3754066363044893
0.2184804442868959,0.3754066363044893
0.2184804442868959,0.3760572543916721
0.21907125132931585,0.3760572543916721
0.21907125132931585,0.3767078724788549
0.2196620583717358,0.3767078724788549
0.2196620583717358,0.37735849056603776
0.21978021978021978,0.37735849056603776
0.21978021978021978,0.37800910865322057
0.21989838118870378,0.37800910865322057
0.21989838118870378,0.3786597267404034
0.22001654259718775,0.3786597267404034
0.22001654259718775,0.37996096291476905
0.22119815668202766,0.37996096291476905
0.22119815668202766,0.38126219908913467
0.22261609358383552,0.38126219908913467
0.22261609358383552,0.3819128171763175
0.2228524164008035,0.3819128171763175
0.2228524164008035,0.38256343526350034
0.22356138485170743,0.38256343526350034
0.22356138485170743,0.38321405335068315
0.22462483752806334,0.38321405335068315
0.22462483752806334,0.38386467143786596
0.2252156445704833,0.38386467143786596
0.2252156445704833,0.3845152895250488
0.22545196738745127,0.3845152895250488
0.22545196738745127,0.38516590761223163
0.2261609358383552,0.38516590761223163
0.2261609358383552,0.38581652569941444
0.22675174288077513,0.38581652569941444
0.22675174288077513,0.3871177618737801
0.22686990428925913,0.3871177618737801
0.22686990428925913,0.3877683799609629
0.2272243885147111,0.3877683799609629
0.2272243885147111,0.3884189980481457
0.22757887274016306,0.3884189980481457
0.22757887274016306,0.3890696161353286
0.22793335696561504,0.3890696161353286
0.22793335696561504,0.3897202342225114
0.228051518374099,0.3897202342225114
0.228051518374099,0.3903708523096942
0.2294694552759069,0.3903708523096942
0.2294694552759069,0.391021470396877
0.22958761668439087,0.391021470396877
0.22958761668439087,0.3923227065712427
0.22982393950135885,0.3923227065712427
0.22982393950135885,0.3929733246584255
0.2302965851352948,0.3929733246584255
0.2302965851352948,0.3936239427456083
0.23124187640316674,0.3936239427456083
0.23124187640316674,0.39427456083279117
0.2314781992201347,0.39427456083279117
0.2314781992201347,0.394925178919974
0.23301429753042657,0.394925178919974
0.23301429753042657,0.3955757970071568
0.23313245893891055,0.3955757970071568
0.23313245893891055,0.39622641509433965
0.2336051045728465,0.39622641509433965
0.2336051045728465,0.39752765126870526
0.23407775020678245,0.39752765126870526
0.23407775020678245,0.39817826935588807
0.2350230414746544,0.39817826935588807
0.2350230414746544,0.39882888744307093
0.23514120288313836,0.39882888744307093
0.23514120288313836,0.40013012361743655
0.23525936429162236,0.40013012361743655
0.23525936429162236,0.4007807417046194
0.23537752570010634,0.4007807417046194
0.23537752570010634,0.40208197787898503
0.23561384851707431,0.40208197787898503
0.23561384851707431,0.40273259596616784
0.2369136240103982,0.40273259596616784
0.2369136240103982,0.4033832140533507
0.23844972232069006,0.4033832140533507
0.23844972232069006,0.4046844502277163
0.23939501358856197,0.4046844502277163
0.23939501358856197,0.4053350683148991
0.23974949781401395,0.4053350683148991
0.23974949781401395,0.405985686402082
0.24057662767340188,0.405985686402082
0.24057662767340188,0.4066363044892648
0.24104927330733783,0.4066363044892648
0.24104927330733783,0.4072869225764476
0.24199456457520974,0.4072869225764476
0.24199456457520974,0.40793754066363047
0.24317617866004962,0.40793754066363047
0.24317617866004962,0.4085881587508133
0.2435306628855016,0.4085881587508133
0.2435306628855016,0.4092387768379961
0.24483043837882548,0.4092387768379961
0.24483043837882548,0.4098893949251789
0.2458938910551814,0.4098893949251789
0.2458938910551814,0.41054001301236176
0.24636653668911734,0.41054001301236176
0.24636653668911734,0.4118412491867274
0.24648469809760132,0.4118412491867274
0.24648469809760132,0.41249186727391024
0.2467210209145693,0.41249186727391024
0.2467210209145693,0.41314248536109305
0.2468391823230533,0.41314248536109305
0.2468391823230533,0.41379310344827586
0.24707550514002127,0.41379310344827586
0.24707550514002127,0.41444372153545866
0.24742998936547322,0.41444372153545866
0.24742998936547322,0.41509433962264153
0.24754815077395723,0.41509433962264153
0.24754815077395723,0.41574495770982434
0.2477844735909252,0.41574495770982434
0.2477844735909252,0.41639557579700714
0.24825711922486116,0.41639557579700714
0.24825711922486116,0.4176968119713728
0.24896608767576509,0.4176968119713728
0.24896608767576509,0.4183474300585556
0.2490842490842491,0.4183474300585556
0.2490842490842491,0.41899804814573843
0.24943873330970104,0.41899804814573843
0.24943873330970104,0.4196486662329213
0.24955689471818504,0.4196486662329213
0.24955689471818504,0.4202992843201041
0.24979321753515302,0.4202992843201041
0.24979321753515302,0.4209499024072869
0.25050218598605695,0.4209499024072869
0.25050218598605695,0.4222511385816526
0.2506203473945409,0.4222511385816526
0.2506203473945409,0.4235523747560182
0.2513293158454449,0.4235523747560182
0.2513293158454449,0.42420299284320107
0.2525109299302848,0.42420299284320107
0.2525109299302848,0.4248536109303839
0.2551104809169325,0.4248536109303839
0.2551104809169325,0.4261548471047495
0.2555831265508685,0.4261548471047495
0.2555831265508685,0.42745608327911516
0.25581944936783646,0.42745608327911516
0.25581944936783646,0.42810670136629797
0.25700106345267637,0.42810670136629797
0.25700106345267637,0.42875731945348083
0.2579463547205483,0.42875731945348083
0.2579463547205483,0.43070917371502926
0.25830083894600026,0.43070917371502926
0.25830083894600026,0.4313597918022121
0.2586553231714522,0.4313597918022121
0.2586553231714522,0.43201040988939493
0.2587734845799362,0.43201040988939493
0.2587734845799362,0.43331164606376055
0.2588916459884202,0.43331164606376055
0.2588916459884202,0.4339622641509434
0.25900980739690416,0.4339622641509434
0.25900980739690416,0.4346128822381262
0.25936429162235614,0.4346128822381262
0.25936429162235614,0.435263500325309
0.2594824530308401,0.435263500325309
0.2594824530308401,0.4359141184124919
0.25960061443932414,0.4359141184124919
0.25960061443932414,0.4365647364996747
0.26019142148174407,0.4365647364996747
0.26019142148174407,0.4372153545868575
0.26184568120051993,0.4372153545868575
0.26184568120051993,0.4378659726740403
0.2619638426090039,0.4378659726740403
0.2619638426090039,0.4385165907612232
0.2620820040174879,0.4385165907612232
0.2620820040174879,0.439167208848406
0.26243648824293986,0.439167208848406
0.26243648824293986,0.4398178269355888
0.26338177951081176,0.4398178269355888
0.26338177951081176,0.44046844502277166
0.2642089093701997,0.44046844502277166
0.2642089093701997,0.44111906310995447
0.2650360392295876,0.44111906310995447
0.2650360392295876,0.4424202992843201
0.2652723620465556,0.4424202992843201
0.2652723620465556,0.44307091737150295
0.26574500768049153,0.44307091737150295
0.26574500768049153,0.44372153545868576
0.26586316908897556,0.44372153545868576
0.26586316908897556,0.44567338972023424
0.26598133049745953,0.44567338972023424
0.26598133049745953,0.4476252439817827
0.2663358147229115,0.4476252439817827
0.2663358147229115,0.4482758620689655
0.2683445586671393,0.4482758620689655
0.2683445586671393,0.44892648015614833
0.26846272007562333,0.44892648015614833
0.26846272007562333,0.44957709824333114
0.2685808814841073,0.44957709824333114
0.2685808814841073,0.450227716330514
0.2686990428925913,0.450227716330514
0.2686990428925913,0.4508783344176968
0.26917168852652723,0.4508783344176968
0.26917168852652723,0.4521795705920625
0.26976249556894716,0.4521795705920625
0.26976249556894716,0.4528301886792453
0.2704714640198511,0.4528301886792453
0.2704714640198511,0.4534808067664281
0.2705896254283351,0.4534808067664281
0.2705896254283351,0.4554326610279766
0.27106227106227104,0.4554326610279766
0.27106227106227104,0.4560832791151594
0.2711804324707551,0.4560832791151594
0.2711804324707551,0.4567338972023422
0.2723620465555949,0.4567338972023422
0.2723620465555949,0.45738451528952506
0.2730710150064989,0.45738451528952506
0.2730710150064989,0.45803513337670787
0.27413446768285477,0.45803513337670787
0.27413446768285477,0.45933636955107354
0.2749615975422427,0.45933636955107354
0.2749615975422427,0.45998698763825635
0.2759068888101146,0.45998698763825635
0.2759068888101146,0.46063760572543916
0.27637953444405056,0.46063760572543916
0.27637953444405056,0.46128822381262197
0.27732482571192246,0.46128822381262197
0.27732482571192246,0.46258945998698764
0.2774429871204065,0.46258945998698764
0.2774429871204065,0.46324007807417045
0.2782701169797944,0.46324007807417045
0.2782701169797944,0.4645413142485361
0.2794517310646343,0.4645413142485361
0.2794517310646343,0.4651919323357189
0.28004253810705426,0.4651919323357189
0.28004253810705426,0.46584255042290174
0.28311473472763793,0.46584255042290174
0.28311473472763793,0.4664931685100846
0.2834692189530899,0.4664931685100846
0.2834692189530899,0.4671437865972674
0.2838237031785419,0.4671437865972674
0.2838237031785419,0.4677944046844502
0.2846508330379298,0.4677944046844502
0.2846508330379298,0.468445022771633
0.2853598014888337,0.468445022771633
0.2853598014888337,0.4690956408588159
0.28547796289731775,0.4690956408588159
0.28547796289731775,0.4703968770331815
0.28583244712276973,0.4703968770331815
0.28583244712276973,0.47104749512036437
0.2866595769821576,0.47104749512036437
0.2866595769821576,0.47234873129473
0.28855015951790147,0.47234873129473
0.28855015951790147,0.4729993493819128
0.28866832092638545,0.4729993493819128
0.28866832092638545,0.47364996746909566
0.2887864823348694,0.47364996746909566
0.2887864823348694,0.47430058555627846
0.2890228051518374,0.47430058555627846
0.2890228051518374,0.4749512036434613
0.2894954507857734,0.4749512036434613
0.2894954507857734,0.47560182173064414
0.28984993501122536,0.47560182173064414
0.28984993501122536,0.47625243981782694
0.29067706487061323,0.47625243981782694
0.29067706487061323,0.47755367599219256
0.2910315490960652,0.47755367599219256
0.2910315490960652,0.47885491216655823
0.29150419473000116,0.47885491216655823
0.29150419473000116,0.4801561483409239
0.2919768403639371,0.4801561483409239
0.2919768403639371,0.4814573845152895
0.2922131631809051,0.4814573845152895
0.2922131631809051,0.4827586206896552
0.2923313245893891,0.4827586206896552
0.2923313245893891,0.4840598568640208
0.292922131631809,0.4840598568640208
0.292922131631809,0.4847104749512036
0.29315845444877703,0.4847104749512036
0.29315845444877703,0.4853610930383865
0.2944582299421009,0.4853610930383865
0.2944582299421009,0.4860117111255693
0.29469455275906886,0.4860117111255693
0.29469455275906886,0.4866623292127521
0.2948127141675529,0.4866623292127521
0.2948127141675529,0.48731294729993496
0.29528535980148884,0.48731294729993496
0.29528535980148884,0.48796356538711777
0.2967032967032967,0.48796356538711777
0.2967032967032967,0.4892648015614834
0.2968214581117807,0.4892648015614834
0.2968214581117807,0.48991541964866625
0.2970577809287487,0.48991541964866625
0.2970577809287487,0.49056603773584906
0.2978849107881366,0.49056603773584906
0.2978849107881366,0.49121665582303187
0.2980030721966206,0.49121665582303187
0.2980030721966206,0.49186727391021473
0.29823939501358854,0.49186727391021473
0.29823939501358854,0.49251789199739754
0.29835755642207257,0.49251789199739754
0.29835755642207257,0.49381912817176316
0.29942100909842845,0.49381912817176316
0.29942100909842845,0.494469746258946
0.2998936547323644,0.494469746258946
0.2998936547323644,0.4951203643461288
0.3000118161408484,0.4951203643461288
0.3000118161408484,0.49577098243331164
0.30166607585962424,0.49577098243331164
0.30166607585962424,0.49642160052049444
0.3021387214935602,0.49642160052049444
0.3021387214935602,0.4970722186076773
0.30414746543778803,0.4970722186076773
0.30414746543778803,0.4977228366948601
0.30450194966324,0.4977228366948601
0.30450194966324,0.4983734547820429
0.30580172515656384,0.4983734547820429
0.30580172515656384,0.4990240728692258
0.3061562093820158,0.4990240728692258
0.3061562093820158,0.4996746909564086
0.30627437079049985,0.4996746909564086
0.30627437079049985,0.5003253090435914
0.3065106936074678,0.5003253090435914
0.3065106936074678,0.501626545217957
0.3068651778329198,0.501626545217957
0.3068651778329198,0.5029277813923227
0.3071015006498877,0.5029277813923227
0.3071015006498877,0.5042290175666884
0.30721966205837176,0.5042290175666884
0.30721966205837176,0.5048796356538712
0.30816495332624366,0.5048796356538712
0.30816495332624366,0.505530253741054
0.3087557603686636,0.505530253741054
0.3087557603686636,0.5061808718282368
0.3099373744535035,0.5061808718282368
0.3099373744535035,0.5074821080026025
0.31017369727047145,0.5074821080026025
0.31017369727047145,0.5081327260897853
0.31135531135531136,0.5081327260897853
0.31135531135531136,0.5087833441769681
0.31147347276379533,0.5087833441769681
0.31147347276379533,0.5107351984385166
0.31170979558076334,0.5107351984385166
0.31170979558076334,0.5113858165256994
0.31253692544015127,0.5113858165256994
0.31253692544015127,0.5126870527000651
0.3127732482571192,0.5126870527000651
0.3127732482571192,0.5133376707872479
0.3130095710740872,0.5133376707872479
0.3130095710740872,0.5139882888744307
0.31395486234195913,0.5139882888744307
0.31395486234195913,0.5146389069616135
0.315018315018315,0.5146389069616135
0.315018315018315,0.5159401431359791
0.3159636062861869,0.5159401431359791
0.3159636062861869,0.516590761223162
0.31773602741344675,0.516590761223162
0.31773602741344675,0.5172413793103449
0.31809051163889873,0.5172413793103449
0.31809051163889873,0.5178919973975277
0.31868131868131866,0.5178919973975277
0.31868131868131866,0.5185426154847105
0.31891764149828666,0.5185426154847105
0.31891764149828666,0.5191932335718933
0.31927212572373864,0.5191932335718933
0.31927212572373864,0.5198438516590761
0.3193902871322226,0.5198438516590761
0.3193902871322226,0.5204944697462589
0.3196266099491906,0.5204944697462589
0.3196266099491906,0.5211450878334418
0.32021741699161055,0.5211450878334418
0.32021741699161055,0.5217957059206246
0.32116270825948245,0.5217957059206246
0.32116270825948245,0.5224463240078074
0.32128086966796643,0.5224463240078074
0.32128086966796643,0.5230969420949902
0.32210799952735436,0.5230969420949902
0.32210799952735436,0.523747560182173
0.3225806451612903,0.523747560182173
0.3225806451612903,0.5243981782693559
0.3229351293867423,0.5243981782693559
0.3229351293867423,0.5250487963565387
0.32317145220371024,0.5250487963565387
0.32317145220371024,0.5256994144437215
0.32328961361219427,0.5256994144437215
0.32328961361219427,0.5263500325309044
0.3244712276970341,0.5263500325309044
0.3244712276970341,0.5270006506180872
0.32458938910551816,0.5270006506180872
0.32458938910551816,0.5283018867924528
0.32588916459884204,0.5283018867924528
0.32588916459884204,0.5289525048796356
0.32683445586671395,0.5289525048796356
0.32683445586671395,0.5309043591411842
0.3269526172751979,0.5309043591411842
0.3269526172751979,0.531554977228367
0.3270707786836819,0.531554977228367
0.3270707786836819,0.5322055953155498
0.3291976840363937,0.5322055953155498
0.3291976840363937,0.5328562134027326
0.3303792981212336,0.5328562134027326
0.3303792981212336,0.5335068314899154
0.3310882665721375,0.5335068314899154
0.3310882665721375,0.5341574495770982
0.33120642798062155,0.5341574495770982
0.33120642798062155,0.5354586857514639
0.33132458938910553,0.5354586857514639
0.33132458938910553,0.5361093038386467
0.3315609122060735,0.5361093038386467
0.3315609122060735,0.5367599219258296
0.3325062034739454,0.5367599219258296
0.3325062034739454,0.5374105400130124
0.3342786246012052,0.5374105400130124
0.3342786246012052,0.5380611581001952
0.3352239158690772,0.5380611581001952
0.3352239158690772,0.538711776187378
0.3359328843199811,0.538711776187378
0.3359328843199811,0.5393623942745608
0.33605104572846506,0.5393623942745608
0.33605104572846506,0.5400130123617437
0.337114498404821,0.5400130123617437
0.337114498404821,0.5406636304489265
0.337468982630273,0.5406636304489265
0.337468982630273,0.5413142485361093
0.3378234668557249,0.5413142485361093
0.3378234668557249,0.5419648666232921
0.33853243530662885,0.5419648666232921
0.33853243530662885,0.5426154847104749
0.33865059671511283,0.5426154847104749
0.33865059671511283,0.5432661027976577
0.3391232423490488,0.5432661027976577
0.3391232423490488,0.5439167208848406
0.33947772657450076,0.5439167208848406
0.33947772657450076,0.5445673389720235
0.33959588798298473,0.5445673389720235
0.33959588798298473,0.5452179570592063
0.3401866950254047,0.5452179570592063
0.3401866950254047,0.5465191932335719
0.3408956634763086,0.5465191932335719
0.3408956634763086,0.5471698113207547
0.34101382488479265,0.5471698113207547
0.34101382488479265,0.5478204294079375
0.3421954389696325,0.5478204294079375
0.3421954389696325,0.5484710474951203
0.3425499231950845,0.5484710474951203
0.3425499231950845,0.5491216655823032
0.34266808460356846,0.5491216655823032
0.34266808460356846,0.5504229017566689
0.3446768285477963,0.5504229017566689
0.3446768285477963,0.5510735198438517
0.34514947418173225,0.5510735198438517
0.34514947418173225,0.5523747560182173
0.34609476544960416,0.5523747560182173
0.34609476544960416,0.5530253741054001
0.34644924967505614,0.5530253741054001
0.34644924967505614,0.5536759921925829
0.34704005671747606,0.5536759921925829
0.34704005671747606,0.5543266102797658
0.34715821812596004,0.5543266102797658
0.34715821812596004,0.5549772283669486
0.347630863759896,0.5549772283669486
0.347630863759896,0.5582303188028627
0.34774902516838,0.5582303188028627
0.34774902516838,0.5601821730644112
0.35282996573319153,0.5601821730644112
0.35282996573319153,0.560832791151594
0.35306628855015953,0.560832791151594
0.35306628855015953,0.5614834092387768
0.35342077277561146,0.5614834092387768
0.35342077277561146,0.5621340273259596
0.3543660640434834,0.5621340273259596
0.3543660640434834,0.5627846454131424
0.3553113553113553,0.5627846454131424
0.3553113553113553,0.5634352635003254
0.3556658395368073,0.5634352635003254
0.3556658395368073,0.5640858815875082
0.35802906770648707,0.5640858815875082
0.35802906770648707,0.564736499674691
0.35838355193193905,0.564736499674691
0.35838355193193905,0.5653871177618738
0.358619874748907,0.5653871177618738
0.358619874748907,0.5660377358490566
0.3598014888337469,0.5660377358490566
0.3598014888337469,0.5666883539362394
0.3599196502422309,0.5666883539362394
0.3599196502422309,0.5673389720234222
0.36098310291858676,0.5673389720234222
0.36098310291858676,0.5679895901106051
0.3618102327779747,0.5679895901106051
0.3618102327779747,0.5692908262849707
0.3620465555949427,0.5692908262849707
0.3620465555949427,0.5705920624593364
0.3629918468628146,0.5705920624593364
0.3629918468628146,0.5712426805465192
0.36440978376462246,0.5712426805465192
0.36440978376462246,0.571893298633702
0.36464610658159047,0.571893298633702
0.36464610658159047,0.5731945348080677
0.3652369136240104,0.5731945348080677
0.3652369136240104,0.5738451528952505
0.36535507503249437,0.5738451528952505
0.36535507503249437,0.5744957709824333
0.3660640434833983,0.5744957709824333
0.3660640434833983,0.5751463890696161
0.3661822048918823,0.5751463890696161
0.3661822048918823,0.5757970071567989
0.3667730119343023,0.5757970071567989
0.3667730119343023,0.5764476252439817
0.36819094883611014,0.5764476252439817
0.36819094883611014,0.5777488614183475
0.36913624010398205,0.5777488614183475
0.36913624010398205,0.5783994795055303
0.3733900508094056,0.5783994795055303
0.3733900508094056,0.5797007156798959
0.37362637362637363,0.5797007156798959
0.37362637362637363,0.5803513337670787
0.37457166489424554,0.5803513337670787
0.37457166489424554,0.5810019518542615
0.37551695616211744,0.5810019518542615
0.37551695616211744,0.5816525699414443
0.3759896017960534,0.5816525699414443
0.3759896017960534,0.5823031880286272
0.37669857024695735,0.5823031880286272
0.37669857024695735,0.58295380611581
0.37764386151482926,0.58295380611581
0.37764386151482926,0.5836044242029929
0.3778801843317972,0.5836044242029929
0.3778801843317972,0.5842550422901757
0.3783528299657332,0.5842550422901757
0.3783528299657332,0.5855562784645413
0.3790617984166371,0.5855562784645413
0.3790617984166371,0.5862068965517241
0.38024341250147703,0.5862068965517241
0.38024341250147703,0.586857514638907
0.3822521564457048,0.586857514638907
0.3822521564457048,0.5875081327260898
0.38331560912206075,0.5875081327260898
0.38331560912206075,0.5881587508132726
0.38426090038993266,0.5881587508132726
0.38426090038993266,0.5888093689004554
0.38520619165780456,0.5888093689004554
0.38520619165780456,0.5894599869876382
0.3856788372917405,0.5894599869876382
0.3856788372917405,0.590110605074821
0.38626964433416044,0.590110605074821
0.38626964433416044,0.5907612231620039
0.38721493560203235,0.5907612231620039
0.38721493560203235,0.5914118412491868
0.3873330970105164,0.5914118412491868
0.3873330970105164,0.5920624593363696
0.38780574264445233,0.5920624593363696
0.38780574264445233,0.5927130774235524
0.3881602268699043,0.5927130774235524
0.3881602268699043,0.5933636955107352
0.38875103391232424,0.5933636955107352
0.38875103391232424,0.594014313597918
0.3888691953208082,0.594014313597918
0.3888691953208082,0.5946649316851008
0.3894600023632282,0.5946649316851008
0.3894600023632282,0.5953155497722836
0.3905234550395841,0.5953155497722836
0.3905234550395841,0.5959661678594665
0.39099610067352003,0.5959661678594665
0.39099610067352003,0.5966167859466494
0.39158690771593996,0.5966167859466494
0.39158690771593996,0.5972674040338322
0.39217771475835994,0.5972674040338322
0.39217771475835994,0.597918022121015
0.3926503603922959,0.597918022121015
0.3926503603922959,0.5985686402081978
0.3932411674347158,0.5985686402081978
0.3932411674347158,0.5992192582953806
0.3934774902516838,0.5992192582953806
0.3934774902516838,0.5998698763825634
0.3935956516601678,0.5998698763825634
0.3935956516601678,0.6005204944697463
0.39383197447713575,0.6005204944697463
0.39383197447713575,0.6018217306441119
0.39524991137894366,0.6018217306441119
0.39524991137894366,0.6024723487312947
0.3954862341959116,0.6024723487312947
0.3954862341959116,0.6031229668184775
0.39631336405529954,0.6031229668184775
0.39631336405529954,0.6037735849056604
0.3964315254637835,0.6037735849056604
0.3964315254637835,0.6044242029928432
0.3970223325062035,0.6044242029928432
0.3970223325062035,0.605074821080026
0.39749497814013945,0.605074821080026
0.39749497814013945,0.6063760572543917
0.3977313009571074,0.6063760572543917
0.3977313009571074,0.6070266753415745
0.3979676237740754,0.6070266753415745
0.3979676237740754,0.6083279115159401
0.3980857851825594,0.6083279115159401
0.3980857851825594,0.6089785296031229
0.39855843081649533,0.6089785296031229
0.39855843081649533,0.6096291476903057
0.3986765922249793,0.6096291476903057
0.3986765922249793,0.6102797657774887
0.39950372208436724,0.6102797657774887
0.39950372208436724,0.6109303838646715
0.40009452912678717,0.6109303838646715
0.40009452912678717,0.6115810019518543
0.4009216589861751,0.6115810019518543
0.4009216589861751,0.6128822381262199
0.40139430462011105,0.6128822381262199
0.40139430462011105,0.6135328562134027
0.4045846626491788,0.6135328562134027
0.4045846626491788,0.6154847104749512
0.4052936311000827,0.6154847104749512
0.4052936311000827,0.616135328562134
0.4056481153255347,0.616135328562134
0.4056481153255347,0.6167859466493169
0.4062389223679546,0.6167859466493169
0.4062389223679546,0.6174365647364997
0.4068297294103746,0.6174365647364997
0.4068297294103746,0.6180871828236825
0.4071842136358265,0.6180871828236825
0.4071842136358265,0.6187378009108653
0.4076568592697625,0.6187378009108653
0.4076568592697625,0.6193884189980482
0.4077750206782465,0.6193884189980482
0.4077750206782465,0.620039037085231
0.41037457166489427,0.620039037085231
0.41037457166489427,0.6206896551724138
0.4107290558903462,0.6206896551724138
0.4107290558903462,0.6213402732595966
0.4110835401157982,0.6213402732595966
0.4110835401157982,0.6219908913467794
0.412974122651542,0.6219908913467794
0.412974122651542,0.6226415094339622
0.41321044546851,0.6226415094339622
0.41321044546851,0.623292127521145
0.41332860687699396,0.623292127521145
0.41332860687699396,0.623942745608328
0.41486470518728585,0.623942745608328
0.41486470518728585,0.6245933636955108
0.4151010280042538,0.6245933636955108
0.4151010280042538,0.6252439817826936
0.41580999645515776,0.6252439817826936
0.41580999645515776,0.6258945998698764
0.41592815786364173,0.6258945998698764
0.41592815786364173,0.627195836044242
0.41687344913151364,0.627195836044242
0.41687344913151364,0.6278464541314248
0.41911851589270943,0.6278464541314248
0.41911851589270943,0.6284970722186076
0.41994564575209736,0.6284970722186076
0.41994564575209736,0.6291476903057905
0.4206546142030013,0.6291476903057905
0.4206546142030013,0.6297983083929733
0.4207727756114853,0.6297983083929733
0.4207727756114853,0.6304489264801562
0.4220725511048092,0.6304489264801562
0.4220725511048092,0.631099544567339
0.42325416518964903,0.631099544567339
0.42325416518964903,0.6324007807417046
0.4247902634999409,0.6324007807417046
0.4247902634999409,0.6330513988288874
0.42502658631690887,0.6330513988288874
0.42502658631690887,0.6337020169160703
0.4254992319508449,0.6337020169160703
0.4254992319508449,0.6343526350032531
0.4272716530781047,0.6343526350032531
0.4272716530781047,0.6350032530904359
0.4286895899799126,0.6350032530904359
0.4286895899799126,0.6356538711776187
0.43164362519201227,0.6356538711776187
0.43164362519201227,0.6369551073519844
0.4321162708259482,0.6369551073519844
0.4321162708259482,0.6376057254391672
0.4324707550514002,0.6376057254391672
0.4324707550514002,0.6382563435263501
0.4325889164598842,0.6382563435263501
0.4325889164598842,0.6389069616135329
0.43424317617866004,0.6389069616135329
0.43424317617866004,0.6395575797007157
0.43483398322108,0.6395575797007157
0.43483398322108,0.6402081977878985
0.43542479026349995,0.6402081977878985
0.43542479026349995,0.6408588158750813
0.4360155973059199,0.6408588158750813
0.4360155973059199,0.6421600520494469
0.4362519201228879,0.6421600520494469
0.4362519201228879,0.6428106701366298
0.43672456575682383,0.6428106701366298
0.43672456575682383,0.6434612882238127
0.43755169561621177,0.6434612882238127
0.43755169561621177,0.6441119063109955
0.4377880184331797,0.6441119063109955
0.4377880184331797,0.6447625243981783
0.4389696325180196,0.6447625243981783
0.4389696325180196,0.6454131424853611
0.4393241167434716,0.6454131424853611
0.4393241167434716,0.6460637605725439
0.44050573082831146,0.6460637605725439
0.44050573082831146,0.6467143786597267
0.4409783764622474,0.6467143786597267
0.4409783764622474,0.6473649967469096
0.44369608885737916,0.6473649967469096
0.44369608885737916,0.6480156148340924
0.4441687344913151,0.6480156148340924
0.4441687344913151,0.6486662329212752
0.44511402575918707,0.6486662329212752
0.44511402575918707,0.649316851008458
0.4470046082949309,0.649316851008458
0.4470046082949309,0.6499674690956408
0.44747725392886684,0.6499674690956408
0.44747725392886684,0.6519193233571894
0.45066761195793453,0.6519193233571894
0.45066761195793453,0.6525699414443722
0.4507857733664185,0.6525699414443722
0.4507857733664185,0.653220559531555
0.45314900153609833,0.653220559531555
0.45314900153609833,0.6538711776187378
0.4536216471700343,0.6538711776187378
0.4536216471700343,0.6545217957059206
0.4545669384379062,0.6545217957059206
0.4545669384379062,0.6551724137931034
0.45468509984639016,0.6551724137931034
0.45468509984639016,0.6558230318802862
0.4551577454803261,0.6558230318802862
0.4551577454803261,0.656473649967469
0.4555122297057781,0.656473649967469
0.4555122297057781,0.657124268054652
0.45563039111426207,0.657124268054652
0.45563039111426207,0.6577748861418348
0.4579936192839419,0.6577748861418348
0.4579936192839419,0.6584255042290176
0.45811178069242586,0.6584255042290176
0.45811178069242586,0.6590761223162004
0.4592933947772657,0.6590761223162004
0.4592933947772657,0.6597267404033832
0.4595297175942337,0.6597267404033832
0.4595297175942337,0.660377358490566
0.4596478790027177,0.660377358490566
0.4596478790027177,0.6610279765777488
0.4611839773130096,0.6610279765777488
0.4611839773130096,0.6616785946649317
0.46153846153846156,0.6616785946649317
0.46153846153846156,0.6623292127521145
0.4618929457639135,0.6623292127521145
0.4618929457639135,0.6629798308392973
0.4627200756233014,0.6629798308392973
0.4627200756233014,0.6636304489264802
0.4630745598487534,0.6636304489264802
0.4630745598487534,0.664281067013663
0.4634290440742054,0.664281067013663
0.4634290440742054,0.6649316851008458
0.46378352829965735,0.6649316851008458
0.46378352829965735,0.6655823031880286
0.4640198511166253,0.6655823031880286
0.4640198511166253,0.6662329212752115
0.4641380125251093,0.6662329212752115
0.4641380125251093,0.6668835393623943
0.4659104336523691,0.6668835393623943
0.4659104336523691,0.6675341574495771
0.467446531962661,0.6675341574495771
0.467446531962661,0.6681847755367599
0.467801016188113,0.6681847755367599
0.467801016188113,0.6688353936239427
0.46827366182204894,0.6688353936239427
0.46827366182204894,0.6694860117111255
0.46980976013234077,0.6694860117111255
0.46980976013234077,0.6701366297983083
0.4704005671747607,0.6701366297983083
0.4704005671747607,0.6707872478854913
0.4717003426680846,0.6707872478854913
0.4717003426680846,0.6720884840598569
0.47229114971050457,0.6720884840598569
0.47229114971050457,0.6727391021470397
0.47264563393595654,0.6727391021470397
0.47264563393595654,0.6733897202342225
0.4739454094292804,0.6733897202342225
0.4739454094292804,0.6740403383214053
0.47429989365473235,0.6740403383214053
0.47429989365473235,0.6746909564085881
0.4753633463310883,0.6746909564085881
0.4753633463310883,0.6759921925829538
0.4757178305565402,0.6759921925829538
0.4757178305565402,0.6766428106701367
0.47619047619047616,0.6766428106701367
0.47619047619047616,0.6772934287573195
0.4763086375989602,0.6772934287573195
0.4763086375989602,0.6785946649316851
0.47678128323289615,0.6785946649316851
0.47678128323289615,0.6792452830188679
0.4806806097128678,0.6792452830188679
0.4806806097128678,0.6798959011060507
0.48091693252983575,0.6798959011060507
0.48091693252983575,0.6811971372804164
0.4829256764740636,0.6811971372804164
0.4829256764740636,0.6818477553675992
0.4835164835164835,0.6818477553675992
0.4835164835164835,0.682498373454782
0.48375280633345147,0.682498373454782
0.48375280633345147,0.6831489915419648
0.4839891291504195,0.6831489915419648
0.4839891291504195,0.6844502277163305
0.48469809760132343,0.6844502277163305
0.48469809760132343,0.6851008458035134
0.4848162590098074,0.6851008458035134
0.4848162590098074,0.6857514638906962
0.4851707432352594,0.6857514638906962
0.4851707432352594,0.6883539362394274
0.48540706605222733,0.6883539362394274
0.48540706605222733,0.6890045543266102
0.4859978730946473,0.6890045543266102
0.4859978730946473,0.6896551724137931
0.4861160345031313,0.6896551724137931
0.4861160345031313,0.690305790500976
0.4868250029540352,0.690305790500976
0.4868250029540352,0.6909564085881588
0.4880066170388751,0.6909564085881588
0.4880066170388751,0.6916070266753416
0.489306392532199,0.6916070266753416
0.489306392532199,0.6922576447625244
0.48942455394068296,0.6922576447625244
0.48942455394068296,0.6929082628497072
0.4902516838000709,0.6929082628497072
0.4902516838000709,0.6948601171112557
0.49036984520855487,0.6948601171112557
0.49036984520855487,0.6955107351984385
0.49072432943400685,0.6955107351984385
0.49072432943400685,0.6961613532856213
0.4914332978849108,0.6961613532856213
0.4914332978849108,0.6968119713728042
0.4915514592933948,0.6968119713728042
0.4915514592933948,0.697462589459987
0.4917877821103628,0.697462589459987
0.4917877821103628,0.6981132075471698
0.4933238804206546,0.6981132075471698
0.4933238804206546,0.6987638256343527
0.4934420418291386,0.6987638256343527
0.4934420418291386,0.6994144437215355
0.4952144629563984,0.6994144437215355
0.4952144629563984,0.7000650618087183
0.49533262436488246,0.7000650618087183
0.49533262436488246,0.7007156798959011
0.49615975422427033,0.7007156798959011
0.49615975422427033,0.7013662979830839
0.49828665957698215,0.7013662979830839
0.49828665957698215,0.7020169160702667
0.4984048209854661,0.7020169160702667
0.4984048209854661,0.7026675341574495
0.500177242112726,0.7026675341574495
0.500177242112726,0.7033181522446325
0.5015951790145339,0.7033181522446325
0.5015951790145339,0.7039687703318153
0.5020678246484698,0.7039687703318153
0.5020678246484698,0.7052700065061809
0.5026586316908898,0.7052700065061809
0.5026586316908898,0.7059206245933637
0.5034857615502777,0.7059206245933637
0.5034857615502777,0.7065712426805465
0.5049036984520856,0.7065712426805465
0.5049036984520856,0.7072218607677293
0.5050218598605696,0.7072218607677293
0.5050218598605696,0.7078724788549121
0.5059671511284415,0.7078724788549121
0.5059671511284415,0.708523096942095
0.5077395722557013,0.708523096942095
0.5077395722557013,0.7091737150292778
0.5078577336641853,0.7091737150292778
0.5078577336641853,0.7111255692908263
0.5085667021150893,0.7111255692908263
0.5085667021150893,0.7117761873780091
0.510220961833865,0.7117761873780091
0.510220961833865,0.7124268054651919
0.510811768876285,0.7124268054651919
0.510811768876285,0.7130774235523748
0.510929930284769,0.7130774235523748
0.510929930284769,0.7137280416395576
0.5135294812714167,0.7137280416395576
0.5135294812714167,0.7143786597267404
0.5137658040883847,0.7143786597267404
0.5137658040883847,0.7150292778139232
0.5138839654968688,0.7150292778139232
0.5138839654968688,0.715679895901106
0.5151837409901926,0.715679895901106
0.5151837409901926,0.7163305139882888
0.5158927094410966,0.7163305139882888
0.5158927094410966,0.7169811320754716
0.5162471936665485,0.7169811320754716
0.5162471936665485,0.7176317501626546
0.5190830674701642,0.7176317501626546
0.5190830674701642,0.7182823682498374
0.5193193902871323,0.7182823682498374
0.5193193902871323,0.7189329863370202
0.52132813423136,0.7189329863370202
0.52132813423136,0.719583604424203
0.5223915869077159,0.719583604424203
0.5223915869077159,0.7202342225113858
0.522746071133168,0.7202342225113858
0.522746071133168,0.7215354586857514
0.5239276852180078,0.7215354586857514
0.5239276852180078,0.7221860767729343
0.5241640080349758,0.7221860767729343
0.5241640080349758,0.7228366948601171
0.5247548150773957,0.7228366948601171
0.5247548150773957,0.7234873129473
0.5249911378943637,0.7234873129473
0.5249911378943637,0.7247885491216656
0.5251092993028477,0.7247885491216656
0.5251092993028477,0.7254391672088484
0.5271180432470755,0.7254391672088484
0.5271180432470755,0.7260897852960312
0.5274725274725275,0.7260897852960312
0.5274725274725275,0.7267404033832141
0.5280633345149475,0.7267404033832141
0.5280633345149475,0.7280416395575797
0.5284178187403994,0.7280416395575797
0.5284178187403994,0.7286922576447625
0.5290086257828194,0.7286922576447625
0.5290086257828194,0.7293428757319453
0.5295994328252392,0.7293428757319453
0.5295994328252392,0.7299934938191281
0.5300720784591753,0.7299934938191281
0.5300720784591753,0.730644111906311
0.5305447240931112,0.730644111906311
0.5305447240931112,0.7325959661678595
0.5306628855015951,0.7325959661678595
0.5306628855015951,0.7332465842550423
0.5313718539524991,0.7332465842550423
0.5313718539524991,0.7338972023422251
0.5318444995864351,0.7338972023422251
0.5318444995864351,0.7345478204294079
0.5331442750797589,0.7345478204294079
0.5331442750797589,0.7351984385165907
0.5358619874748907,0.7351984385165907
0.5358619874748907,0.7358490566037735
0.5362164717003427,0.7358490566037735
0.5362164717003427,0.7364996746909565
0.5372799243766986,0.7364996746909565
0.5372799243766986,0.7371502927781393
0.5376344086021505,0.7371502927781393
0.5376344086021505,0.7378009108653221
0.5381070542360865,0.7378009108653221
0.5381070542360865,0.7391021470396877
0.5390523455039584,0.7391021470396877
0.5390523455039584,0.7397527651268705
0.5396431525463784,0.7397527651268705
0.5396431525463784,0.7410540013012362
0.5404702824057662,0.7410540013012362
0.5404702824057662,0.741704619388419
0.54295167198393,0.741704619388419
0.54295167198393,0.7423552374756018
0.54354247902635,0.7423552374756018
0.54354247902635,0.7430058555627846
0.5438969632518019,0.7430058555627846
0.5438969632518019,0.7436564736499675
0.5449604159281579,0.7436564736499675
0.5449604159281579,0.7449577098243331
0.5464965142384497,0.7449577098243331
0.5464965142384497,0.745608327911516
0.5467328370554178,0.745608327911516
0.5467328370554178,0.7462589459986988
0.5474418055063216,0.7462589459986988
0.5474418055063216,0.7475601821730644
0.5475599669148056,0.7475601821730644
0.5475599669148056,0.7482108002602472
0.5482689353657095,0.7482108002602472
0.5482689353657095,0.74886141834743
0.5501595179014533,0.74886141834743
0.5501595179014533,0.7495120364346128
0.554885974240813,0.7495120364346128
0.554885974240813,0.7501626545217958
0.555004135649297,0.7501626545217958
0.555004135649297,0.7508132726089786
0.5557131041002009,0.7508132726089786
0.5557131041002009,0.7514638906961614
0.5568947181850408,0.7514638906961614
0.5568947181850408,0.752765126870527
0.5585489779038166,0.752765126870527
0.5585489779038166,0.7540663630448926
0.5590216235377525,0.7540663630448926
0.5590216235377525,0.7547169811320755
0.5591397849462365,0.7547169811320755
0.5591397849462365,0.7553675992192583
0.5594942691716885,0.7553675992192583
0.5594942691716885,0.7560182173064411
0.5612666902989484,0.7560182173064411
0.5612666902989484,0.756668835393624
0.5617393359328843,0.756668835393624
0.5617393359328843,0.7573194534808068
0.5645752097365001,0.7573194534808068
0.5645752097365001,0.7579700715679896
0.565047855370436,0.7579700715679896
0.565047855370436,0.7586206896551724
0.56516601677892,0.7586206896551724
0.56516601677892,0.7592713077423552
0.5664657922722439,0.7592713077423552
0.5664657922722439,0.7599219258295381
0.5665839536807279,0.7599219258295381
0.5665839536807279,0.7605725439167209
0.5671747607231479,0.7605725439167209
0.5671747607231479,0.7612231620039037
0.5675292449485998,0.7612231620039037
0.5675292449485998,0.7631750162654521
0.5678837291740517,0.7631750162654521
0.5678837291740517,0.763825634352635
0.5680018905825357,0.763825634352635
0.5680018905825357,0.7651268705270007
0.5688290204419236,0.7651268705270007
0.5688290204419236,0.7657774886141835
0.5701287959352476,0.7657774886141835
0.5701287959352476,0.7664281067013663
0.5707196029776674,0.7664281067013663
0.5707196029776674,0.7670787247885491
0.5717830556540234,0.7670787247885491
0.5717830556540234,0.7677293428757319
0.5726101855134114,0.7677293428757319
0.5726101855134114,0.7683799609629147
0.5727283469218953,0.7683799609629147
0.5727283469218953,0.7690305790500976
0.5735554767812833,0.7690305790500976
0.5735554767812833,0.7696811971372804
0.5739099610067352,0.7696811971372804
0.5739099610067352,0.7703318152244633
0.5745007680491552,0.7703318152244633
0.5745007680491552,0.7709824333116461
0.5779274488951909,0.7709824333116461
0.5779274488951909,0.7716330513988289
0.5784000945291268,0.7716330513988289
0.5784000945291268,0.7722836694860117
0.5818267753751625,0.7722836694860117
0.5818267753751625,0.7729342875731945
0.5821812596006144,0.7729342875731945
0.5821812596006144,0.7735849056603774
0.5827720666430344,0.7735849056603774
0.5827720666430344,0.7742355237475602
0.5828902280515184,0.7742355237475602
0.5828902280515184,0.774886141834743
0.5835991965024223,0.774886141834743
0.5835991965024223,0.7755367599219258
0.5843081649533263,0.7755367599219258
0.5843081649533263,0.7761873780091086
0.5856079404466501,0.7761873780091086
0.5856079404466501,0.7768379960962914
0.5857261018551341,0.7768379960962914
0.5857261018551341,0.7774886141834743
0.5886801370672339,0.7774886141834743
0.5886801370672339,0.7781392322706572
0.5899799125605577,0.7781392322706572
0.5899799125605577,0.77878985035784
0.5905707196029777,0.77878985035784
0.5905707196029777,0.7794404684450228
0.5910433652369136,0.7794404684450228
0.5910433652369136,0.7800910865322056
0.5912796880538816,0.7800910865322056
0.5912796880538816,0.7807417046193884
0.5924613021387215,0.7807417046193884
0.5924613021387215,0.782042940793754
0.5948245303084013,0.782042940793754
0.5948245303084013,0.7826935588809368
0.5955334987593052,0.7826935588809368
0.5955334987593052,0.7833441769681198
0.5961243058017252,0.7833441769681198
0.5961243058017252,0.7839947950553026
0.5975422427035331,0.7839947950553026
0.5975422427035331,0.7846454131424854
0.5981330497459529,0.7846454131424854
0.5981330497459529,0.7852960312296682
0.5994328252392769,0.7852960312296682
0.5994328252392769,0.785946649316851
0.6003781165071488,0.785946649316851
0.6003781165071488,0.7865972674040338
0.6007326007326007,0.7865972674040338
0.6007326007326007,0.7872478854912166
0.6032139903107645,0.7872478854912166
0.6032139903107645,0.7885491216655823
0.6036866359447005,0.7885491216655823
0.6036866359447005,0.7891997397527651
0.6064043483398323,0.7891997397527651
0.6064043483398323,0.789850357839948
0.6069951553822521,0.789850357839948
0.6069951553822521,0.7905009759271308
0.6104218362282878,0.7905009759271308
0.6104218362282878,0.7911515940143136
0.6108944818622238,0.7911515940143136
0.6108944818622238,0.7918022121014964
0.6129032258064516,0.7918022121014964
0.6129032258064516,0.7937540663630449
0.6145574855252275,0.7937540663630449
0.6145574855252275,0.7957059206245933
0.6157390996100673,0.7957059206245933
0.6157390996100673,0.7963565387117761
0.6162117452440034,0.7963565387117761
0.6162117452440034,0.7970071567989591
0.6172751979203592,0.7970071567989591
0.6172751979203592,0.7976577748861419
0.6176296821458112,0.7976577748861419
0.6176296821458112,0.7983083929733247
0.6179841663712632,0.7983083929733247
0.6179841663712632,0.7989590110605075
0.6181023277797472,0.7989590110605075
0.6181023277797472,0.7996096291476903
0.6189294576391351,0.7996096291476903
0.6189294576391351,0.8002602472348731
0.619992910315491,0.8002602472348731
0.619992910315491,0.8009108653220559
0.620583717357911,0.8009108653220559
0.620583717357911,0.8015614834092388
0.6216471700342668,0.8015614834092388
0.6216471700342668,0.8022121014964216
0.6229469455275907,0.8022121014964216
0.6229469455275907,0.8028627195836044
0.6230651069360746,0.8028627195836044
0.6230651069360746,0.8035133376707873
0.6259009807396905,0.8035133376707873
0.6259009807396905,0.8041639557579701
0.6262554649651424,0.8041639557579701
0.6262554649651424,0.8048145738451529
0.6266099491905943,0.8048145738451529
0.6266099491905943,0.8061158100195186
0.6273189176414983,0.8061158100195186
0.6273189176414983,0.8067664281067014
0.6275552404584662,0.8067664281067014
0.6275552404584662,0.808067664281067
0.6276734018669503,0.808067664281067
0.6276734018669503,0.8087182823682498
0.6288550159517902,0.8087182823682498
0.6288550159517902,0.8093689004554326
0.6290913387687581,0.8093689004554326
0.6290913387687581,0.8100195185426154
0.630272952853598,0.8100195185426154
0.630272952853598,0.8106701366297983
0.6319272125723738,0.8106701366297983
0.6319272125723738,0.8113207547169812
0.6366536689117335,0.8113207547169812
0.6366536689117335,0.8126219908913468
0.6381897672220253,0.8126219908913468
0.6381897672220253,0.8132726089785296
0.6394895427153492,0.8132726089785296
0.6394895427153492,0.8139232270657124
0.6397258655323171,0.8139232270657124
0.6397258655323171,0.8145738451528952
0.6401985111662531,0.8145738451528952
0.6401985111662531,0.815224463240078
0.640789318208673,0.815224463240078
0.640789318208673,0.8158750813272609
0.640907479617157,0.8158750813272609
0.640907479617157,0.8165256994144438
0.6410256410256411,0.8165256994144438
0.6410256410256411,0.8171763175016266
0.641261963842609,0.8171763175016266
0.641261963842609,0.8178269355888094
0.6429162235613849,0.8178269355888094
0.6429162235613849,0.8184775536759922
0.6453976131395486,0.8184775536759922
0.6453976131395486,0.819128171763175
0.6455157745480327,0.819128171763175
0.6455157745480327,0.8204294079375407
0.6461065815904525,0.8204294079375407
0.6461065815904525,0.8210800260247235
0.6466973886328725,0.8210800260247235
0.6466973886328725,0.8217306441119063
0.6477608413092284,0.8217306441119063
0.6477608413092284,0.8223812621990891
0.6479971641261963,0.8223812621990891
0.6479971641261963,0.8230318802862719
0.6482334869431644,0.8230318802862719
0.6482334869431644,0.8236824983734548
0.6487061325771003,0.8236824983734548
0.6487061325771003,0.8249837345478205
0.6495332624364882,0.8249837345478205
0.6495332624364882,0.8256343526350033
0.6517783291976841,0.8256343526350033
0.6517783291976841,0.8262849707221861
0.652132813423136,0.8262849707221861
0.652132813423136,0.8269355888093689
0.6555594942691717,0.8269355888093689
0.6555594942691717,0.8275862068965517
0.6563866241285596,0.8275862068965517
0.6563866241285596,0.8282368249837345
0.6568592697624955,0.8282368249837345
0.6568592697624955,0.8288874430709173
0.6575682382133995,0.8288874430709173
0.6575682382133995,0.8295380611581002
0.6579227224388515,0.8295380611581002
0.6579227224388515,0.8308392973324659
0.6587498522982393,0.8308392973324659
0.6587498522982393,0.8314899154196487
0.6595769821576273,0.8314899154196487
0.6595769821576273,0.8321405335068315
0.662176533144275,0.8321405335068315
0.662176533144275,0.8327911515940143
0.6632399858206309,0.8327911515940143
0.6632399858206309,0.8340923877683799
0.6638307928630509,0.8340923877683799
0.6638307928630509,0.8347430058555628
0.6644215999054709,0.8347430058555628
0.6644215999054709,0.8353936239427456
0.6650124069478908,0.8353936239427456
0.6650124069478908,0.8360442420299284
0.6660758596242468,0.8360442420299284
0.6660758596242468,0.8366948601171112
0.6676119579345385,0.8366948601171112
0.6676119579345385,0.8373454782042941
0.6678482807515066,0.8373454782042941
0.6678482807515066,0.8379960962914769
0.6687935720193785,0.8379960962914769
0.6687935720193785,0.8386467143786597
0.6697388632872504,0.8386467143786597
0.6697388632872504,0.8392973324658426
0.6699751861042184,0.8392973324658426
0.6699751861042184,0.8399479505530254
0.6705659931466383,0.8399479505530254
0.6705659931466383,0.8405985686402082
0.6725747370908661,0.8405985686402082
0.6725747370908661,0.841249186727391
0.6730473827248021,0.841249186727391
0.6730473827248021,0.8418998048145738
0.674228996809642,0.8418998048145738
0.674228996809642,0.8425504229017566
0.6751742880775139,0.8425504229017566
0.6751742880775139,0.8432010409889394
0.6763559021623538,0.8432010409889394
0.6763559021623538,0.8438516590761224
0.6770648706132577,0.8438516590761224
0.6770648706132577,0.8445022771633052
0.6773011934302257,0.8445022771633052
0.6773011934302257,0.845152895250488
0.6790736145574855,0.845152895250488
0.6790736145574855,0.8464541314248536
0.6794280987829375,0.8464541314248536
0.6794280987829375,0.8471047495120364
0.6807278742762614,0.8471047495120364
0.6807278742762614,0.8477553675992192
0.6817913269526172,0.8477553675992192
0.6817913269526172,0.8484059856864021
0.684272716530781,0.8484059856864021
0.684272716530781,0.8497072218607677
0.684390877939265,0.8497072218607677
0.684390877939265,0.8503578399479506
0.6862814604750088,0.8503578399479506
0.6862814604750088,0.8510084580351334
0.6867541061089448,0.8510084580351334
0.6867541061089448,0.8516590761223162
0.6887628500531726,0.8516590761223162
0.6887628500531726,0.852309694209499
0.6888810114616566,0.852309694209499
0.6888810114616566,0.8536109303838647
0.6893536570955926,0.8536109303838647
0.6893536570955926,0.8542615484710475
0.6902989483634645,0.8542615484710475
0.6902989483634645,0.8549121665582303
0.6904171097719485,0.8549121665582303
0.6904171097719485,0.8555627846454131
0.6933711449840482,0.8555627846454131
0.6933711449840482,0.8562134027325959
0.695734373153728,0.8562134027325959
0.695734373153728,0.8568640208197787
0.6983339241403758,0.8568640208197787
0.6983339241403758,0.8575146389069617
0.6988065697743117,0.8575146389069617
0.6988065697743117,0.8581652569941445
0.6991610539997637,0.8581652569941445
0.6991610539997637,0.8588158750813273
0.7009334751270235,0.8588158750813273
0.7009334751270235,0.8594664931685101
0.7028240576627673,0.8594664931685101
0.7028240576627673,0.8601171112556929
0.7031785418882193,0.8601171112556929
0.7031785418882193,0.8607677293428757
0.7036511875221553,0.8607677293428757
0.7036511875221553,0.8614183474300585
0.7053054472409311,0.8614183474300585
0.7053054472409311,0.8620689655172413
0.705896254283351,0.8620689655172413
0.705896254283351,0.8627195836044242
0.706250738508803,0.8627195836044242
0.706250738508803,0.863370201691607
0.7083776438615148,0.863370201691607
0.7083776438615148,0.8640208197787899
0.7095592579463548,0.8640208197787899
0.7095592579463548,0.8646714378659727
0.7126314545669384,0.8646714378659727
0.7126314545669384,0.8653220559531555
0.7127496159754224,0.8653220559531555
0.7127496159754224,0.8659726740403383
0.7139312300602623,0.8659726740403383
0.7139312300602623,0.867273910214704
0.7146401985111662,0.867273910214704
0.7146401985111662,0.8679245283018868
0.7154673283705542,0.8679245283018868
0.7154673283705542,0.8685751463890696
0.7217298830202056,0.8685751463890696
0.7217298830202056,0.8692257644762524
0.7240931111898854,0.8692257644762524
0.7240931111898854,0.8698763825634352
0.7242112725983694,0.8698763825634352
0.7242112725983694,0.870527000650618
0.7257473709086613,0.870527000650618
0.7257473709086613,0.8711776187378009
0.7266926621765332,0.8711776187378009
0.7266926621765332,0.8718282368249838
0.7269289849935011,0.8718282368249838
0.7269289849935011,0.8724788549121666
0.728346921895309,0.8724788549121666
0.728346921895309,0.8731294729993494
0.7288195675292449,0.8731294729993494
0.7288195675292449,0.874430709173715
0.7300011816140849,0.874430709173715
0.7300011816140849,0.8750813272608978
0.7303556658395368,0.8750813272608978
0.7303556658395368,0.8763825634352636
0.7314191185158927,0.8763825634352636
0.7314191185158927,0.8770331815224464
0.7315372799243767,0.8770331815224464
0.7315372799243767,0.8776837996096292
0.7347276379534444,0.8776837996096292
0.7347276379534444,0.878334417696812
0.7356729292213163,0.878334417696812
0.7356729292213163,0.8789850357839948
0.7365000590807043,0.8789850357839948
0.7365000590807043,0.8796356538711776
0.7373271889400922,0.8796356538711776
0.7373271889400922,0.8802862719583604
0.7396904171097719,0.8802862719583604
0.7396904171097719,0.8809368900455433
0.7408720311946119,0.8809368900455433
0.7408720311946119,0.8815875081327261
0.7429989365473236,0.8815875081327261
0.7429989365473236,0.8822381262199089
0.7439442278151955,0.8822381262199089
0.7439442278151955,0.8828887443070917
0.7453621647170035,0.8828887443070917
0.7453621647170035,0.8835393623942746
0.7472527472527473,0.8835393623942746
0.7472527472527473,0.8841899804814574
0.7474890700697152,0.8841899804814574
0.7474890700697152,0.8848405985686402
0.7476072314781992,0.8848405985686402
0.7476072314781992,0.885491216655823
0.7486706841545552,0.885491216655823
0.7486706841545552,0.8861418347430059
0.7489070069715231,0.8861418347430059
0.7489070069715231,0.8874430709173715
0.7491433297884911,0.8874430709173715
0.7491433297884911,0.8880936890045543
0.7496159754224271,0.8880936890045543
0.7496159754224271,0.8887443070917371
0.750561266690299,0.8887443070917371
0.750561266690299,0.8893949251789199
0.7510339123242349,0.8893949251789199
0.7510339123242349,0.8900455432661027
0.7522155264090747,0.8900455432661027
0.7522155264090747,0.8906961613532857
0.7526881720430108,0.8906961613532857
0.7526881720430108,0.8913467794404685
0.7535153019023987,0.8913467794404685
0.7535153019023987,0.8919973975276513
0.7537516247193666,0.8919973975276513
0.7537516247193666,0.8926480156148341
0.7538697861278506,0.8926480156148341
0.7538697861278506,0.8932986337020169
0.7539879475363346,0.8932986337020169
0.7539879475363346,0.8939492517891997
0.7562330142975304,0.8939492517891997
0.7562330142975304,0.8945998698763825
0.7568238213399504,0.8945998698763825
0.7568238213399504,0.8952504879635654
0.760132340777502,0.8952504879635654
0.760132340777502,0.8959011060507482
0.760723147819922,0.8959011060507482
0.760723147819922,0.896551724137931
0.7615502776793099,0.896551724137931
0.7615502776793099,0.8972023422251139
0.7621410847217299,0.8972023422251139
0.7621410847217299,0.8985035783994795
0.7685218007798653,0.8985035783994795
0.7685218007798653,0.8991541964866623
0.770885028949545,0.8991541964866623
0.770885028949545,0.8998048145738452
0.7710031903580291,0.8998048145738452
0.7710031903580291,0.900455432661028
0.7724211272598369,0.900455432661028
0.7724211272598369,0.9011060507482108
0.7773839064161645,0.9011060507482108
0.7773839064161645,0.9017566688353936
0.7777383906416164,0.9017566688353936
0.7777383906416164,0.9030579050097592
0.7779747134585844,0.9030579050097592
0.7779747134585844,0.903708523096942
0.7788018433179723,0.903708523096942
0.7788018433179723,0.904359141184125
0.7814013943046201,0.904359141184125
0.7814013943046201,0.9050097592713078
0.7840009452912678,0.9050097592713078
0.7840009452912678,0.9056603773584906
0.7842372681082358,0.9056603773584906
0.7842372681082358,0.9063109954456734
0.7850643979676237,0.9063109954456734
0.7850643979676237,0.9069616135328562
0.7876639489542715,0.9069616135328562
0.7876639489542715,0.907612231620039
0.7888455630391115,0.907612231620039
0.7888455630391115,0.9082628497072218
0.792863050927567,0.9082628497072218
0.792863050927567,0.9095640858815875
0.793572019378471,0.9095640858815875
0.793572019378471,0.9102147039687704
0.7945173106463429,0.9102147039687704
0.7945173106463429,0.9108653220559532
0.7975895072669266,0.9108653220559532
0.7975895072669266,0.911515940143136
0.8005435424790264,0.911515940143136
0.8005435424790264,0.9121665582303188
0.8010161881129623,0.9121665582303188
0.8010161881129623,0.9128171763175016
0.8034975776911261,0.9128171763175016
0.8034975776911261,0.9134677944046844
0.804088384733546,0.9134677944046844
0.804088384733546,0.9141184124918673
0.804442868958998,0.9141184124918673
0.804442868958998,0.9147690305790501
0.8046791917759659,0.9147690305790501
0.8046791917759659,0.9154196486662329
0.8071605813541297,0.9154196486662329
0.8071605813541297,0.9160702667534157
0.8075150655795817,0.9160702667534157
0.8075150655795817,0.9167208848405985
0.8076332269880657,0.9167208848405985
0.8076332269880657,0.9173715029277814
0.8077513883965497,0.9173715029277814
0.8077513883965497,0.9180221210149642
0.8078695498050337,0.9180221210149642
0.8078695498050337,0.9186727391021471
0.8104691007916814,0.9186727391021471
0.8104691007916814,0.9193233571893299
0.8107054236086494,0.9193233571893299
0.8107054236086494,0.9199739752765127
0.8118870376934894,0.9199739752765127
0.8118870376934894,0.9206245933636955
0.8128323289613613,0.9206245933636955
0.8128323289613613,0.9212752114508783
0.8133049745952972,0.9212752114508783
0.8133049745952972,0.9219258295380611
0.8136594588207492,0.9219258295380611
0.8136594588207492,0.9238776837996097
0.8146047500886211,0.9238776837996097
0.8146047500886211,0.9245283018867925
0.8162590098073969,0.9245283018867925
0.8162590098073969,0.9251789199739753
0.8172043010752689,0.9251789199739753
0.8172043010752689,0.9258295380611581
0.8177951081176887,0.9258295380611581
0.8177951081176887,0.9264801561483409
0.8179132695261727,0.9264801561483409
0.8179132695261727,0.9271307742355237
0.8208673047382725,0.9271307742355237
0.8208673047382725,0.9277813923227066
0.8240576627673402,0.9277813923227066
0.8240576627673402,0.9284320104098894
0.82701169797944,0.9284320104098894
0.82701169797944,0.9290826284970722
0.8292567647406357,0.9290826284970722
0.8292567647406357,0.929733246584255
0.8309110244594116,0.929733246584255
0.8309110244594116,0.9303838646714379
0.8352829965733192,0.9303838646714379
0.8352829965733192,0.9323357189329864
0.8354011579818031,0.9323357189329864
0.8354011579818031,0.9329863370201692
0.8361101264327071,0.9329863370201692
0.8361101264327071,0.933636955107352
0.8362282878411911,0.933636955107352
0.8362282878411911,0.9342875731945348
0.8375280633345149,0.9342875731945348
0.8375280633345149,0.9349381912817176
0.8390641616448068,0.9349381912817176
0.8390641616448068,0.9355888093689004
0.8397731300957108,0.9355888093689004
0.8397731300957108,0.9362394274560832
0.8400094529126787,0.9362394274560832
0.8400094529126787,0.936890045543266
0.8427271653078104,0.936890045543266
0.8427271653078104,0.937540663630449
0.8429634881247784,0.937540663630449
0.8429634881247784,0.9381912817176318
0.8435542951671984,0.9381912817176318
0.8435542951671984,0.9388418998048146
0.8447359092520382,0.9388418998048146
0.8447359092520382,0.9394925178919974
0.8448540706605223,0.9394925178919974
0.8448540706605223,0.9401431359791802
0.8466264917877822,0.9401431359791802
0.8466264917877822,0.9414443721535458
0.8468628146047501,0.9414443721535458
0.8468628146047501,0.9420949902407287
0.8487533971404939,0.9420949902407287
0.8487533971404939,0.9427456083279115
0.8489897199574619,0.9427456083279115
0.8489897199574619,0.9433962264150944
0.8494623655913979,0.9433962264150944
0.8494623655913979,0.9440468445022772
0.8521800779865296,0.9440468445022772
0.8521800779865296,0.94469746258946
0.8533616920713695,0.94469746258946
0.8533616920713695,0.9453480806766428
0.8538343377053055,0.9453480806766428
0.8538343377053055,0.9459986987638256
0.8541888219307574,0.9459986987638256
0.8541888219307574,0.9466493168510085
0.8557249202410493,0.9466493168510085
0.8557249202410493,0.9472999349381913
0.8589152782701169,0.9472999349381913
0.8589152782701169,0.9479505530253741
0.8610421836228288,0.9479505530253741
0.8610421836228288,0.9486011711125569
0.8629327661585726,0.9486011711125569
0.8629327661585726,0.9492517891997397
0.8635235732009926,0.9492517891997397
0.8635235732009926,0.9499024072869225
0.8641143802434125,0.9499024072869225
0.8641143802434125,0.9505530253741054
0.8745125841900036,0.9505530253741054
0.8745125841900036,0.9512036434612883
0.8749852298239394,0.9512036434612883
0.8749852298239394,0.9518542615484711
0.8772302965851353,0.9518542615484711
0.8772302965851353,0.9531554977228367
0.8795935247548151,0.9531554977228367
0.8795935247548151,0.9538061158100195
0.8811296230651069,0.9538061158100195
0.8811296230651069,0.9544567338972023
0.8839654968687227,0.9544567338972023
0.8839654968687227,0.9551073519843851
0.8860924022214345,0.9551073519843851
0.8860924022214345,0.955757970071568
0.8863287250384024,0.955757970071568
0.8863287250384024,0.9564085881587508
0.8866832092638545,0.9564085881587508
0.8866832092638545,0.9570592062459337
0.8896372444759542,0.9570592062459337
0.8896372444759542,0.9577098243331165
0.8902280515183741,0.9577098243331165
0.8902280515183741,0.9583604424202993
0.89070069715231,0.9583604424202993
0.89070069715231,0.9590110605074821
0.8944818622237977,0.9590110605074821
0.8944818622237977,0.9596616785946649
0.8950726692662176,0.9596616785946649
0.8950726692662176,0.9603122966818478
0.8954271534916696,0.9603122966818478
0.8954271534916696,0.9609629147690306
0.8955453149001537,0.9609629147690306
0.8955453149001537,0.9616135328562134
0.8963724447595416,0.9616135328562134
0.8963724447595416,0.9635653871177619
0.8976722202528654,0.9635653871177619
0.8976722202528654,0.9642160052049447
0.8979085430698334,0.9642160052049447
0.8979085430698334,0.9655172413793104
0.8987356729292213,0.9655172413793104
0.8987356729292213,0.9661678594664932
0.8996809641970932,0.9661678594664932
0.8996809641970932,0.966818477553676
0.902753160817677,0.966818477553676
0.902753160817677,0.9674690956408588
0.9049982275788727,0.9674690956408588
0.9049982275788727,0.9681197137280416
0.9064161644806806,0.9681197137280416
0.9064161644806806,0.9687703318152244
0.9100791681436843,0.9687703318152244
0.9100791681436843,0.9694209499024072
0.9104336523691362,0.9694209499024072
0.9104336523691362,0.9700715679895902
0.9125605577218481,0.9700715679895902
0.9125605577218481,0.970722186076773
0.9129150419473,0.970722186076773
0.9129150419473,0.9713728041639558
0.913269526172752,0.9713728041639558
0.913269526172752,0.9720234222511386
0.9146874630745598,0.9720234222511386
0.9146874630745598,0.9726740403383214
0.9148056244830438,0.9726740403383214
0.9148056244830438,0.9733246584255042
0.9157509157509157,0.9733246584255042
0.9157509157509157,0.973975276512687
0.9158690771593997,0.973975276512687
0.9158690771593997,0.9746258945998699
0.9190594351884674,0.9746258945998699
0.9190594351884674,0.9752765126870527
0.9192957580054354,0.9752765126870527
0.9192957580054354,0.9759271307742355
0.9246130213872149,0.9759271307742355
0.9246130213872149,0.9765777488614183
0.9266217653314428,0.9765777488614183
0.9266217653314428,0.9772283669486012
0.9293394777265745,0.9772283669486012
0.9293394777265745,0.977878985035784
0.9319390287132222,0.977878985035784
0.9319390287132222,0.9785296031229668
0.9320571901217063,0.9785296031229668
0.9320571901217063,0.9791802212101497
0.9322935129386742,0.9791802212101497
0.9322935129386742,0.9798308392973325
0.935011225333806,0.9798308392973325
0.935011225333806,0.9811320754716981
0.9363110008271298,0.9811320754716981
0.9363110008271298,0.9817826935588809
0.9376107763204538,0.9817826935588809
0.9376107763204538,0.9824333116460637
0.9389105518137776,0.9824333116460637
0.9389105518137776,0.9830839297332465
0.9396195202646815,0.9830839297332465
0.9396195202646815,0.9837345478204295
0.9419827484343614,0.9837345478204295
0.9419827484343614,0.9843851659076123
0.9428098782937493,0.9843851659076123
0.9428098782937493,0.9850357839947951
0.9443459766040411,0.9850357839947951
0.9443459766040411,0.9856864020819779
0.9447004608294931,0.9856864020819779
0.9447004608294931,0.9863370201691607
0.9465910433652369,0.9863370201691607
0.9465910433652369,0.9869876382563435
0.9473000118161409,0.9869876382563435
0.9473000118161409,0.9876382563435263
0.9477726574500768,0.9876382563435263
0.9477726574500768,0.9882888744307091
0.9488361101264327,0.9882888744307091
0.9488361101264327,0.988939492517892
0.9490724329434007,0.988939492517892
0.9490724329434007,0.9895901106050748
0.9524991137894364,0.9895901106050748
0.9524991137894364,0.9902407286922577
0.956989247311828,0.9902407286922577
0.956989247311828,0.9908913467794405
0.9633699633699634,0.9908913467794405
0.9633699633699634,0.9915419648666233
0.967623774075387,0.9915419648666233
0.967623774075387,0.9921925829538061
0.9695143566111308,0.9921925829538061
0.9695143566111308,0.9928432010409889
0.9750679428098783,0.9928432010409889
0.9750679428098783,0.9934938191281718
0.9758950726692662,0.9934938191281718
0.9758950726692662,0.9941444372153546
0.978021978021978,0.9941444372153546
0.978021978021978,0.9947950553025374
0.978612785064398,0.9947950553025374
0.978612785064398,0.9954456733897202
0.9814486588680137,0.9954456733897202
0.9814486588680137,0.996096291476903
0.9821576273189176,0.996096291476903
0.9821576273189176,0.9967469095640858
0.9846390168970814,0.9967469095640858
0.9846390168970814,0.9973975276512687
0.9849935011225334,0.9973975276512687
0.9849935011225334,0.9980481457384516
0.9871204064752452,0.9980481457384516
0.9871204064752452,0.9986987638256344
0.9896017960534089,0.9986987638256344
0.9896017960534089,0.9993493819128172
0.9985820630981921,0.9993493819128172
0.9985820630981921,1.0
1.0,1.0
